order_id,date,time,order_type,branch_code,order_items,order_price,customer_lat,customer_lon,customerHasloyalty?,distance_to_customer_KM,delivery_fee
ORDX07870,2018-11-13,18:28:43,Dinner,BK,"[('Shrimp', 9), ('Fish&Chips', 8), ('Pasta', 2)]",821.0,37.8209994,144.9431659,0,9.733,16.5142949
ORDK07313,2018-10-22,17:48:10,Dinner,BK,"[('Fish&Chips', 3), ('Salmon', 8), ('Shrimp', 8)]",865.0,-37.8200722,144.982469,0,6.596,13.3443558
ORDJ02466,2018-01-27,08:50:42,Breakfast,TP,"[('Pancake', 6), ('Coffee', 8), ('Cereal', 9), ('Eggs', 6)]",675.4,-37.8092654,144.9319064,0,10.909,15.059879
ORDA04640,2018-05-29,12:54:05,Lunch,BK,"[('Fries', 5), ('Chicken', 10), ('Salad', 6), ('Burger', 3)]",576.2,-37.8043845,144.9300847,0,10.722,16.9719188
ORDC06764,2018-04-16,11:22:49,Breakfast,NS,"[('Coffee', 3), ('Cereal', 9), ('Pancake', 6)]",357.0,37.8110423,144.9661049,0,7.497,12.8221994
ORDA10761,2018-12-31,20:00:00,Dinner,BK,"[('Pasta', 6), ('Fish&Chips', 10)]",515.0,-37.8048333,144.9588489,0,7.908,15.5277671
ORDX05756,01-06-2018,12:54:05,Lunch,BK,"[('Fries', 7), ('Burger', 3), ('Chicken', 5), ('Steak', 7), ('Salad', 9)]",806.8,-37.8030593,144.9500877,0,8.695,14.8820521
ORDJ01088,2018-01-24,08:40:33,Dinner,TP,"[('Eggs', 3), ('Cereal', 5), ('Coffee', 8), ('Pancake', 9)]",449.25,-37.8035696,144.9480878,0,9.942,12.2184288
ORDZ10349,2018-07-09,14:15:12,Lunch,NS,"[('Fries', 2), ('Steak', 9), ('Burger', 7)]",646.0,-37.8071248,144.94409,0,9.103,14.7219707
ORDJ11106,2018-10-02,17:07:36,Dinner,TP,"[('Pasta', 5), ('Fish&Chips', 3)]",242.5,-37.8135169,144.9855861,0,9.549,13.3988216
ORDA01083,2018-10-09,17:17:44,Dinner,BK,"[('Shrimp', 7), ('Salmon', 7), ('Fish&Chips', 5)]",840.0,-37.810948,144.9628326,0,7.663,14.6488116
ORDX09204,2018-11-07,18:18:35,Dinner,BK,"[('Fish&Chips', 5), ('Shrimp', 7), ('Salmon', 8)]",881.0,-37.8103982,144.9615443,0,7.619,14.4165197
ORDB01063,2018-12-15,19:29:34,Dinner,TP,"[('Shrimp', 4), ('Fish&Chips', 10), ('Salmon', 6), ('Pasta', 5)]",949.5,37.8089652,144.9708184,0,9.108,14.8385706
ORDI04340,2018-03-26,10:42:15,Breakfast,NS,"[('Pancake', 4), ('Cereal', 3), ('Coffee', 10), ('Eggs', 9)]",433.0,-37.8040885,144.9737319,0,6.651,11.7630067
ORDX08740,2018-04-10,11:12:40,Breakfast,BK,"[('Coffee', 7), ('Eggs', 1), ('Pancake', 2), ('Cereal', 9)]",312.0,-37.8242376,144.9803165,0,8.036,12.4944942
ORDI07248,2018-11-05,18:08:27,Dinner,NS,"[('Shrimp', 5), ('Salmon', 3), ('Fish&Chips', 2), ('Pasta', 4)]",573.0,-37.8152578,144.9634694,0,8.169,14.2356719
ORDZ04647,2018-03-10,10:11:49,Breakfast,NS,"[('Coffee', 10), ('Eggs', 7)]",229.0,-37.8024459,144.9637374,0,6.898,13.4904996
ORDY03944,2018-04-05,11:02:32,Breakfast,TP,"[('Coffee', 1), ('Pancake', 10)]",250.0,-37.8179752,144.9512067,0,8.786,11.2361058
ORDA05207,2018-12-05,19:09:17,Dinner,BK,"[('Salmon', 8), ('Pasta', 9), ('Shrimp', 10), ('Fish&Chips', 5)]",1290.5,-37.813581,144.9468707,0,9.171,15.7706398
ORDI02048,2018-01-31,09:00:50,Breakfast,NS,"[('Eggs', 10), ('Cereal', 3)]",283.0,-37.822972,144.9889144,0,9.333,14.578384
ORDX05707,2018-02-06,09:10:59,Breakfast,BK,"[('Pancake', 7), ('Cereal', 5), ('Coffee', 2)]",289.75,-37.8246287,144.9884774,0,6.439,11.4036855
ORDZ01499,2018-01-12,08:20:16,Breakfast,NS,"[('Pancake', 9), ('Steak', 2), ('Coffee', 8)]",322.25,-37.7989706,144.9707095,1,6.312,5.9624663
ORDA01839,2018-03-24,10:42:15,Breakfast,BK,"[('Pancake', 9), ('Cereal', 1), ('Eggs', 10), ('Coffee', 8)]",519.25,-37.8201743,144.965127,0,7.889,15.5561593
ORDA10957,2018-11-22,18:49:00,Dinner,BK,"[('Shrimp', 6), ('Pasta', 10), ('Salmon', 6)]",467.0,-37.8206739,144.9845866,0,6.434,13.5940147
ORDZ08773,2018-10-06,17:07:36,Dinner,NS,"[('Shrimp', 10), ('Salmon', 5)]",745.0,37.8226539,144.9778429,0,8.806,17.5036425
ORDC04728,2018-02-23,09:41:24,Breakfast,tp,"[('Eggs', 3), ('Pancake', 8), ('Coffee', 5)]",297.5,-37.8066242,144.9323335,0,10.192,15.3748029
ORDJ02910,2018-04-12,11:22:49,Breakfast,TP,"[('Fries', 4), ('Eggs', 10)]",250.0,-37.8141233,144.9623075,0,8.278,10.8234595
ORDJ07428,2018-12-08,19:19:26,Dinner,TP,"[('Shrimp', 8), ('Fish&Chips', 1)]",859.8,-37.805337,144.950642,0,9.658,14.4915224
ORDJ07128,2018-08-05,15:05:54,Lunch,TP,"[('Salad', 2), ('Chicken', 1), ('Fries', 7)]",150.4,-37.8099611,144.9434931,1,9.843,14.6611905
ORDB00390,2018-10-31,17:58:18,Dinner,TP,"[('Pasta', 9), ('Fish&Chips', 1), ('Salmon', 1), ('Shrimp', 4)]",539.5,-37.8207581,144.9618974,0,7.35,11.7038312
ORDI10293,2018-12-26,19:49:51,Dinner,NS,"[('Fish&Chips', 10), ('Salmon', 10)]",760.0,144.9999248,-37.8118717,0,9.575,15.2085775
ORDZ03748,2018-03-31,10:52:23,Breakfast,NS,"[('Pancake', 2), ('Eggs', 6), ('Cereal', 10), ('Coffee', 4)]",420.5,-37.8046827,144.9200194,0,11.432,18.1337929
ORDC01152,2018-08-29,15:56:37,Lunch,BK,"[('Chicken', 2), ('Steak', 2), ('Burger', 6), ('Fries', 7)]",424.0,-37.8174518,144.9456628,0,9.45,15.2114594
ORDJ06035,2018-08-04,15:05:54,Lunch,TP,"[('Burger', 4), ('Salad', 7), ('Steak', 3), ('Chicken', 4)]",507.4,-37.8038748,144.9496453,0,8.848,14.3986894
ORDJ08687,2018-01-09,08:10:08,Breakfast,TP,"[('Eggs', 6), ('Pancake', 2), ('Cereal', 3), ('Salad', 9)]",311.0,-37.8025923,144.9800625,1,10.095,6.5690867
ORDX08347,2018-02-09,09:10:59,Breakfast,BK,"[('Eggs', 1), ('Cereal', 5), ('Pancake', 6)]",272.5,-37.8138113,144.9684082,0,7.296,11.8559948
ORDB09484,2018-08-05,15:05:54,Breakfast,TP,"[('Fries', 10), ('Salad', 9)]",274.8,-37.8145912,144.9469568,0,9.377,14.4400822
ORDX10037,2018-07-08,14:15:12,Lunch,BK,"[('Steak', 9), ('Fries', 1), ('Burger', 1)]",448.0,-37.7995463,144.9628445,0,8.158,16.1161872
ORDJ10802,2018-02-23,09:41:24,Breakfast,TP,"[('Eggs', 10), ('Coffee', 3), ('Pancake', 8), ('Cereal', 6)]",562.5,-37.8236313,144.9673422,0,7.841,10.747893
ORDJ01655,2018-03-24,10:42:15,Breakfast,TP,"[('Cereal', 10), ('Pancake', 5), ('Eggs', 4)]",419.25,-37.8195001,144.9852035,1,9.232,13.6833126
ORDC03717,2018-08-13,15:26:11,Lunch,NS,"[('Burger', 10), ('Salad', 3), ('Chicken', 1), ('Fries', 8), ('Steak', 6)]",759.6,-37.8244434,144.9702946,0,9.122,14.7850153
ORDZ07199,2018-10-29,17:58:18,Dinner,NS,"[('Pasta', 4), ('Shrimp', 5), ('Fish&Chips', 1), ('Salmon', 7)]",702.0,-37.7990704,144.9505355,0,8.261,14.0759489
ORDZ05081,2018-08-31,15:56:37,Breakfast,NS,"[('Burger', 7), ('Salad', 1), ('Fries', 3), ('Steak', 6), ('Chicken', 3)]",636.2,-37.8021117,144.958224,0,7.407,12.6937005
ORDZ06916,2018-04-14,11:22:49,Breakfast,NS,"[('Eggs', 8), ('Coffee', 7), ('Cereal', 9)]",417.5,-37.818184,144.9956959,0,9.739,16.5465055
ORDB04532,2018-03-11,10:11:49,Lunch,TP,"[('Cereal', 1), ('Coffee', 7)]",73.5,-37.8038301,144.9633966,0,9.319,13.0481374
ORDA08612,2018-04-16,11:22:49,Breakfast,BK,"[('Coffee', 4), ('Cereal', 9)]",219.0,-37.8114581,144.9646549,0,7.427,12.1521227
ORDK08083,2018-03-09,10:11:49,Breakfast,TP,"[('Coffee', 1), ('Cereal', 5)]",112.5,-37.8074979,144.9628913,0,7.461,12.2199041
ORDK05066,2018-08-22,15:46:28,Lunch,BK,"[('Burger', 8), ('Salad', 1), ('Steak', 1)]",310.2,-37.8187213,144.9681905,0,7.512,13.3578
ORDZ00905,2018-08-22,15:46:28,Lunch,tp,"[('Fries', 8), ('Burger', 7)]",313.0,-37.8091174,144.9368711,0,10.109,15.2995129
ORDY03720,2018-12-28,20:00:00,Dinner,TP,"[('Pasta', 9), ('Shrimp', 5)]",517.5,-37.8127608,144.9679984,0,8.432,12.7011925
ORDK01331,2018-11-10,18:18:35,Dinner,BK,"[('Shrimp', 5), ('Salmon', 10)]",369.0,-37.8206468,144.9835352,0,6.506,16.0273143
ORDJ06098,2018-08-30,15:56:37,Lunch,TP,"[('Burger', 3), ('Salad', 2), ('Steak', 10), ('Fries', 2)]",601.4,-37.8095471,144.9394966,0,10.738,13.8840068
ORDK10027,03-02-2018,09:00:50,Breakfast,BK,"[('Eggs', 4), ('Pancake', 7), ('Coffee', 4)]",287.75,-37.8236563,144.9911437,0,6.099,13.8407131
ORDB07211,2018-02-20,09:31:16,Breakfast,TP,"[('Coffee', 1), ('Cereal', 7), ('Pancake', 4), ('Eggs', 10)]",471.5,-37.8088897,144.94895,0,9.556,12.2572501
ORDA05709,2018-12-19,19:39:43,Dinner,BK,"[('Fish&Chips', 8), ('Cereal', 9)]",766.0,-37.8143367,144.9359099,0,10.157,17.0307748
ORDB09809,2018-02-03,09:00:50,Breakfast,TP,"[('Coffee', 2), ('Eggs', 9), ('Pancake', 4), ('Cereal', 4)]",394.0,-37.8198821,144.9968671,0,10.352,13.7880386
ORDY10436,2018-06-28,13:54:55,Lunch,TP,"[('Burger', 1), ('Fries', 7)]",115.0,-37.8073959,144.9869308,1,10.129,13.7385269
ORDC04585,2018-05-01,11:53:14,Breakfast,NS,"[('Eggs', 3), ('Coffee', 6)]",111.0,-37.8211212,144.955198,0,9.422,14.9175833
ORDX08711,2018-09-06,16:16:54,Dinner,BK,"[('Shrimp', 4), ('Salmon', 10)]",626.0,-37.8197781,144.9767491,0,9.856,14.5035167
ORDZ07671,2018-03-31,10:52:23,Breakfast,BK,"[('Coffee', 2), ('Eggs', 4)]",103.0,-37.80732,144.9582249,0,7.801,14.6088097
ORDJ08023,2018-03-31,10:52:23,Breakfast,TP,"[('Eggs', 3), ('Pancake', 3), ('Cereal', 1), ('Coffee', 4)]",189.75,-37.79916,144.9898764,0,7.586,14.7036279
ORDC08453,2018-27-12,20:00:00,Dinner,NS,"[('Salmon', 7), ('Fish&Chips', 7), ('Pasta', 3), ('Shrimp', 9)]",1100.5,-37.8171908,144.9321316,0,9.675,15.3195842
ORDB00439,2018-06-28,13:54:55,Lunch,TP,"[('Pasta', 8), ('Fries', 9), ('Salad', 2), ('Steak', 3)]",525.4,-37.8129206,144.9913125,0,10.115,13.0161589
ORDJ03298,2018-06-08,13:14:21,Lunch,TP,"[('Fries', 4), ('Chicken', 1), ('Burger', 1), ('Steak', 3), ('Salad', 4)]",314.8,-37.8041501,144.9658732,1,9.564,12.5603129
ORDA08264,2018-02-21,09:41:24,Breakfast,BK,"[('Eggs', 6), ('Cereal', 2), ('Coffee', 1)]",181.5,-37.8032806,144.9970679,0,8.262,9.3726684
ORDY00924,2018-09-14,16:27:02,Dinner,TP,"[('Salmon', 5), ('Fish&Chips', 6), ('Pasta', 5), ('Shrimp', 6)]",876.5,-37.8128103,144.966107,0,8.449,12.7270475
ORDY09987,2018-10-12,17:27:53,Dinner,tp,"[('Shrimp', 2), ('Fish&Chips', 6), ('Salmon', 4), ('Pasta', 8)]",702.0,-37.8115862,144.9607597,0,8.464,12.6576211
ORDA03543,2018-11-19,18:38:52,Dinner,BK,"[('Salad', 3), ('Salmon', 8)]",410.5,-37.8140163,144.9360782,0,10.198,17.2733425
ORDJ07144,2018-08-03,15:05:54,Lunch,TP,"[('Burger', 3), ('Fries', 1)]",105.0,-37.8140369,144.9854805,0,9.488,13.2738712
ORDX03858,2018-11-22,18:49:00,Dinner,BK,"[('Salmon', 9), ('Fish&Chips', 8), ('Shrimp', 2)]",757.0,-37.8111847,144.9731228,0,6.769,13.5719963
ORDX00883,2018-08-02,15:05:54,Breakfast,BK,"[('Fries', 2), ('Chicken', 3), ('Salad', 2), ('Steak', 4), ('Burger', 4)]",458.4,-37.8055008,144.9522729,0,8.397,13.9021875
ORDB06156,2018-05-22,12:33:48,Lunch,NS,"[('Fries', 5), ('Chicken', 7)]",284.0,-37.8187148,144.9970697,0,10.37,13.3618461
ORDK01918,02-10-2018,17:07:36,Dinner,BK,"[('Pasta', 9), ('Salmon', 6), ('Shrimp', 7), ('Fish&Chips', 10)]",1221.5,-37.8022153,144.9633568,0,7.841,14.7561049
ORDB09684,2018-10-07,17:17:44,Dinner,TP,"[('Pasta', 3), ('Fish&Chips', 5), ('Shrimp', 5)]",527.5,-37.8084768,144.9607091,1,8.779,14.8177633
ORDZ03950,2018-08-22,15:36:20,Dinner,NS,"[('Fries', 9), ('Steak', 7), ('Salad', 8)]",560.6,-37.8076385,144.9620212,0,7.443,12.9616649
ORDX08438,2018-02-28,09:51:32,Breakfast,BK,"[('Cereal', 10), ('Coffee', 4), ('Pancake', 2), ('Eggs', 10)]",508.5,-37.8145067,144.9999352,1,4.486,8.3275909
ORDC05079,2018-09-15,16:27:02,Dinner,NS,"[('Fish&Chips', 6), ('Shrimp', 5), ('Pasta', 6), ('Salmon', 4)]",809.0,-37.8076697,144.9803686,1,7.601,15.4315975
ORDZ04256,2018-09-09,16:16:54,Dinner,NS,"[('Cereal', 4), ('Pasta', 7), ('Fish&Chips', 7)]",601.5,-37.8063016,144.9415632,0,9.358,17.3898384
ORDC04560,2018-03-14,10:21:58,Breakfast,NS,"[('Cereal', 1), ('Coffee', 1), ('Eggs', 3), ('Pancake', 1)]",118.75,-37.8130316,144.9514686,0,8.576,13.274633
ORDJ07404,2018-05-25,12:43:56,Lunch,TP,"[('Chicken', 6), ('Salad', 3), ('Fries', 5), ('Steak', 3), ('Burger', 2)]",500.6,-37.8028085,144.9949291,0,8.875,14.7171783
ORDZ06899,2018-04-28,11:53:14,Breakfast,NS,"[('Eggs', 7), ('Cereal', 10), ('Coffee', 6), ('Pancake', 5)]",530.25,-37.8023661,144.9620569,1,7.035,14.4150599
ORDI06998,2018-08-04,15:05:54,Lunch,NS,"[('Burger', 2), ('Steak', 9), ('Fries', 6), ('Salad', 1)]",556.2,-37.8199086,144.9507783,0,9.5,16.8175779
ORDX10267,2018-07-16,14:25:21,Lunch,BK,"[('Burger', 6), ('Salad', 2), ('Chicken', 5), ('Steak', 2)]",470.4,-37.8002284,144.9848519,0,6.408,11.82831
ORDA06387,2018-27-10,17:58:18,Dinner,BK,"[('Pasta', 1), ('Fish&Chips', 1), ('Salmon', 7)]",349.5,-37.8207054,144.9907826,0,5.842,16.0329593
ORDX05828,2018-11-02,18:08:27,Dinner,BK,"[('Pasta', 6), ('Salmon', 6)]",411.0,-37.8261394,144.9518326,1,9.23,16.2968435
ORDJ09833,2018-02-21,09:41:24,Breakfast,TP,"[('Coffee', 1), ('Pancake', 9), ('Cereal', 2)]",267.75,-37.8066622,144.9320495,0,11.021,13.1978646
ORDK05727,2018-01-30,08:50:42,Breakfast,BK,"[('Cereal', 5), ('Pancake', 2), ('Coffee', 8), ('Eggs', 8)]",389.5,-37.8095238,144.9904915,0,9.24,9.5222237
ORDX01992,2018-02-02,09:00:50,Breakfast,BK,"[('Cereal', 6), ('Eggs', 6), ('Coffee', 2)]",273.0,-37.7993649,144.9929695,0,5.858,11.1198398
ORDI07869,2018-08-16,15:26:11,Lunch,NS,"[('Burger', 4), ('Chicken', 1), ('Salad', 4), ('Fries', 8), ('Steak', 6)]",590.8,-37.8112366,145.0073593,0,10.09,15.3996512
ORDZ04868,2018-06-09,13:14:21,Lunch,NS,"[('Fries', 6), ('Chicken', 10), ('Salad', 10)]",183.2,-37.8023832,145.0125023,0,10.144,18.3219167
ORDY10321,2018-08-11,15:16:03,Lunch,BK,"[('Fries', 7), ('Burger', 2)]",146.0,-37.8081148,144.9409287,0,10.158,15.0774101
ORDZ09478,2018-01-03,08:00:00,Breakfast,NS,"[('Pancake', 7), ('Cereal', 6), ('Fish&Chips', 10)]",370.75,-37.8111341,145.0064662,1,10.009,7.6468343
ORDB10022,2018-02-20,09:31:16,Breakfast,TP,"[('Pancake', 10), ('Eggs', 1), ('Cereal', 6)]",390.5,-37.8050371,144.9287516,0,11.307,13.6519488
ORDC02679,2018-07-09,14:15:12,Lunch,NS,"[('Fries', 4), ('Burger', 5), ('Chicken', 8)]",459.0,-37.8138878,144.940334,0,5.174,14.7893601
ORDX01334,2018-10-30,17:58:18,Dinner,BK,"[('Shrimp', 1), ('Pasta', 10), ('Salmon', 6)]",575.0,-37.8061468,144.9398977,0,10.123,17.5403473
ORDY06602,2018-03-27,10:42:15,Breakfast,TP,"[('Cereal', 8), ('Eggs', 7), ('Coffee', 10), ('Pancake', 3)]",469.75,-37.8071361,144.9594576,0,9.025,11.424746
ORDB04442,2018-01-26,08:40:33,Breakfast,TP,"[('Cereal', 8), ('Pancake', 9)]",386.25,-37.8206586,144.9539071,0,8.653,11.012531
ORDI08260,2018-01-01,08:00:00,Breakfast,NS,"[('Eggs', 7), ('Pancake', 7)]",323.75,-37.8041711,144.9584591,1,7.533,6.2192482
ORDC06416,2018-12-03,19:09:17,Dinner,NS,"[('Salmon', 4), ('Shrimp', 9)]",650.0,-37.817536,144.9591132,0,8.707,14.4670001
ORDC02539,2018-04-03,11:02:32,Breakfast,NS,"[('Coffee', 9), ('Cereal', 7)]",214.5,-37.8106201,144.9849928,0,8.261,12.8335543
ORDX10106,2018-05-02,12:03:22,Lunch,BK,"[('Salad', 8), ('Chicken', 7), ('Burger', 2), ('Steak', 8), ('Fries', 10)]",903.6,-37.8113861,144.9665605,0,7.3,12.9011099
ORDI07736,2018-08-02,15:05:54,Lunch,NS,"[('Salad', 2), ('Burger', 4), ('Chicken', 8), ('Steak', 8), ('Fries', 5)]",534.0,-37.8054045,144.9520045,0,8.251,13.7254374
ORDZ03381,2018-05-25,12:43:56,Lunch,NS,"[('Steak', 1), ('Pancake', 1)]",62.2,-37.8251275,144.9568527,0,9.726,15.1385083
ORDY07783,2018-09-22,16:47:19,Dinner,TP,"[('Salmon', 4), ('Pasta', 8), ('Fish&Chips', 2), ('Shrimp', 9)]",940.0,-37.8024388,144.9482868,1,10.072,15.5269908
ORDX07284,2018-10-27,17:58:18,Dinner,BK,"[('Salmon', 4), ('Fish&Chips', 4), ('Shrimp', 4), ('Pasta', 6)]",685.0,-37.8190725,144.964908,0,7.794,17.2676525
ORDB04440,2018-10-07,17:17:44,Dinner,TP,"[('Salmon', 9), ('Pasta', 10), ('Shrimp', 2), ('Fish&Chips', 5)]",620.8,-37.8197989,144.9612984,0,7.586,13.4343398
ORDC08188,2018-03-21,10:32:06,Lunch,NS,"[('Eggs', 6), ('Cereal', 3)]",195.0,-37.8120457,144.9594573,0,7.968,12.8566171
ORDK07957,2018-12-07,19:19:26,Dinner,BK,"[('Fish&Chips', 9), ('Pasta', 1), ('Salmon', 1), ('Shrimp', 10)]",923.5,-37.8122878,144.9710567,0,8.278,13.5963021
ORDK00816,2018-12-23,19:49:51,Dinner,BK,"[('Pasta', 2), ('Shrimp', 1)]",109.0,-37.805403,144.9521413,0,8.41,17.8139368
ORDK05022,07-06-2018,13:14:21,Lunch,BK,"[('Fries', 8), ('Chicken', 10), ('Burger', 1), ('Salad', 10)]",619.0,-37.8082895,144.9520024,0,8.623,13.8666049
ORDX06335,2018-10-10,17:17:44,Dinner,BK,"[('Salmon', 8), ('Fish&Chips', 1), ('Shrimp', 4)]",579.0,37.8098596,144.9289357,0,10.796,17.9750404
ORDJ10652,2018-08-10,15:16:03,Dinner,TP,"[('Steak', 8), ('Fries', 4), ('Chicken', 6), ('Burger', 2)]",662.0,-37.7990947,144.9632954,0,9.914,13.0421763
ORDX00860,2018-09-10,16:16:54,Dinner,BK,"[('Fish&Chips', 2), ('Salmon', 9)]",439.0,-37.8131411,144.9391035,0,9.797,17.3860343
ORDA09400,2018-09-13,16:27:02,Dinner,BK,"[('Salmon', 6), ('Shrimp', 6), ('Pasta', 2)]",625.0,-37.8131307,144.9656253,0,7.508,14.3494946
ORDI06339,2018-06-30,13:54:55,Lunch,BK,"[('Salad', 8), ('Chicken', 2), ('Steak', 8), ('Fries', 7), ('Burger', 8)]",893.6,-37.8052912,144.9508113,0,8.355,15.4324733
ORDJ10627,2018-01-30,08:50:42,Breakfast,TP,"[('Eggs', 6), ('Pancake', 2)]",180.5,-37.8054056,144.9967164,0,11.182,13.7929696
ORDK09126,2018-05-27,12:43:56,Lunch,BK,"[('Fries', 8), ('Salad', 5), ('Chicken', 6)]",374.0,-37.8043528,144.9294826,0,10.585,19.5251871
ORDY04923,2018-09-19,16:37:10,Dinner,TP,"[('Salmon', 4), ('Fish&Chips', 1)]",199.0,-37.825471,144.9290812,0,7.972,19.1244704
ORDI00179,2018-08-07,15:16:03,Breakfast,NS,"[('Fries', 6), ('Burger', 3)]",165.0,-37.8159285,144.9381575,0,9.927,15.1611677
ORDY01050,2018-07-24,14:45:38,Lunch,TP,"[('Steak', 10), ('Burger', 2), ('Chicken', 4), ('Salad', 3), ('Fries', 1)]",703.6,-37.8036771,144.9499644,0,9.951,13.2494667
ORDY07999,2018-01-24,08:40:33,Breakfast,TP,"[('Eggs', 1), ('Coffee', 10), ('Pancake', 10)]",564.0,-37.8249664,144.9761917,0,8.359,11.0521583
ORDI01085,2018-10-22,17:48:10,Dinner,tp,"[('Salmon', 4), ('Fish&Chips', 1), ('Shrimp', 7)]",577.0,-37.8090911,144.9462079,0,8.959,14.8957313
ORDC08629,2018-29-12,20:00:00,Dinner,NS,"[('Salmon', 2), ('Fish&Chips', 5)]",257.0,-37.8165806,144.9374466,0,10.062,18.3249235
ORDB10482,08-04-2018,11:12:40,Breakfast,TP,"[('Pancake', 10), ('Eggs', 7)]",396.5,-37.8152449,144.9627259,0,7.991,12.3302171
ORDK09761,2018-11-10,18:18:35,Dinner,BK,"[('Salmon', 9), ('Fish&Chips', 1), ('Shrimp', 2), ('Pasta', 10)]",787.0,-37.8193779,145.0065013,1,4.339,13.4558249
ORDB00862,2018-01-19,08:30:25,Breakfast,TP,"[('Pancake', 2), ('Eggs', 2)]",92.5,-37.8226595,144.9555173,0,8.182,11.2343838
ORDJ07297,2018-04-20,11:32:57,Breakfast,bk,"[('Cereal', 10), ('Coffee', 8)]",270.0,-37.8071876,144.9590913,0,8.986,11.4745434
ORDC05846,2018-01-25,08:40:33,Breakfast,NS,"[('Cereal', 1), ('Eggs', 3)]",87.0,-37.8113038,144.961734,0,7.74,13.0112034
ORDY05152,2018-10-30,17:58:18,Dinner,TP,"[('Pasta', 9), ('Salmon', 6), ('Shrimp', 1), ('Fish&Chips', 10)]",897.5,-37.8126722,144.9447694,1,9.766,13.4834909
ORDC09495,2018-03-30,10:52:23,Breakfast,NS,"[('Cereal', 1), ('Pancake', 8), ('Coffee', 1)]",222.5,-37.8102571,144.9613166,0,7.643,12.8656581
ORDK03223,2018-05-05,12:03:22,Lunch,BK,"[('Fries', 5), ('Steak', 5)]",285.0,-37.81392,144.9481385,1,9.616,17.9299152
ORDB01698,2018-28-09,16:57:27,Dinner,TP,"[('Salmon', 1), ('Fish&Chips', 7), ('Shrimp', 9), ('Pasta', 1)]",799.5,-37.8071101,144.9468352,0,9.833,14.2022178
ORDB10688,2018-09-22,16:47:19,Dinner,TP,"[('Shrimp', 2), ('Fish&Chips', 1)]",143.0,37.8042805,144.9928486,0,10.943,16.4888705
ORDY04000,2018-03-10,10:11:49,Breakfast,TP,"[('Cereal', 7), ('Coffee', 8), ('Fries', 6)]",352.5,-37.8233381,144.9782446,0,8.275,12.8092027
ORDC07584,2018-05-17,12:33:48,Lunch,NS,"[('Chicken', 4), ('Steak', 8), ('Salad', 9), ('Burger', 7)]",859.8,-37.8149911,144.9448629,0,9.229,14.9288252
ORDA09448,03-10-2018,17:07:36,Dinner,BK,"[('Pasta', 6), ('Salmon', 6), ('Shrimp', 6)]",735.0,-37.8025886,144.963136,0,7.825,14.5598815
ORDK08433,2018-08-02,15:05:54,Lunch,tp,"[('Steak', 3), ('Fries', 5)]",195.0,-37.8085482,144.9556474,0,8.175,13.7876287
ORDJ09824,2018-09-19,16:37:10,Dinner,TP,"[('Shrimp', 1), ('Fish&Chips', 5), ('Pasta', 5)]",366.5,144.9290812,-37.825471,0,16.676,19.9397079
ORDI01347,2018-05-03,12:03:22,Lunch,NS,"[('Steak', 4), ('Burger', 8), ('Chicken', 10), ('Salad', 6), ('Fries', 3)]",887.2,-37.8065618,144.9379647,1,9.589,15.3633153
ORDA04670,2018-10-26,17:48:10,Dinner,BK,"[('Salmon', 7), ('Shrimp', 5), ('Fish&Chips', 9)]",872.0,37.8069141,144.998466,0,4.597,11.5270908
ORDI08916,2018-08-27,15:56:37,Lunch,NS,"[('Burger', 7), ('Steak', 5)]",87.75,-37.8026752,144.9824231,0,7.274,12.6953135
ORDI07024,2018-05-11,12:13:31,Lunch,NS,"[('Salad', 9), ('Steak', 3)]",289.8,-37.8255966,144.9532132,0,9.996,16.3425861
ORDA01772,2018-10-05,17:07:36,Dinner,BK,"[('Pasta', 3), ('Fish&Chips', 1)]",117.5,-37.8087869,144.9667438,0,7.115,14.3815136
ORDC00130,2018-11-02,18:08:27,Dinner,NS,"[('Pasta', 5), ('Shrimp', 9), ('Fish&Chips', 7), ('Salmon', 10)]",1278.5,-37.8195343,144.9415961,0,9.72,15.7766434
ORDX00368,2018-08-17,15:36:20,Lunch,BK,"[('Chicken', 6), ('Burger', 9), ('Fries', 9)]",579.0,-37.8055328,144.9988036,0,4.717,10.1939544
ORDX09282,2018-01-05,08:00:00,Breakfast,NS,"[('Eggs', 8), ('Coffee', 9), ('Cereal', 10)]",453.5,-37.8027353,144.9830125,1,6.396,5.6954089
ORDJ07386,2018-05-15,12:23:39,Lunch,TP,"[('Chicken', 10), ('Fries', 1), ('Burger', 10)]",642.0,-37.8197005,144.9602341,1,7.682,10.5417166
ORDA10238,2018-06-20,13:34:38,Dinner,BK,"[('Salad', 8), ('Chicken', 9)]",425.6,-37.8001237,144.9288843,0,11.034,17.3443697
ORDI06581,2018-08-05,15:05:54,Breakfast,NS,"[('Steak', 10), ('Chicken', 8)]",706.0,-37.8150417,144.9522053,0,8.762,16.2289105
ORDA04281,2018-11-27,18:59:09,Dinner,BK,"[('Fish&Chips', 5), ('Pasta', 3), ('Salmon', 10), ('Shrimp', 3)]",829.5,37.8159349,144.9824329,0,6.258,13.3714211
ORDK02304,2018-04-30,11:53:14,Breakfast,BK,"[('Salmon', 2), ('Pancake', 6)]",189.5,-37.8148522,144.9450096,0,9.164,14.3246329
ORDI08955,2018-03-03,10:01:41,Breakfast,NS,"[('Eggs', 6), ('Coffee', 10), ('Cereal', 3), ('Pancake', 1)]",294.25,-37.8252643,144.9477532,0,10.21,17.4868196
ORDA10287,2018-06-25,13:44:47,Lunch,BK,"[('Steak', 9), ('Burger', 3), ('Salad', 8), ('Fries', 8), ('Chicken', 6)]",923.6,-37.8245305,144.9829281,0,7.053,13.3614394
ORDA03404,02-07-2018,14:05:04,Lunch,BK,"[('Chicken', 1), ('Fries', 9), ('Steak', 5), ('Burger', 7)]",582.0,-37.8183457,144.9760739,0,7.002,12.6327973
ORDZ01320,2018-02-05,09:00:50,Breakfast,NS,"[('Coffee', 10), ('Pancake', 4), ('Cereal', 1), ('Eggs', 2)]",237.0,-37.8069271,144.975644,0,7.208,11.7881594
ORDY04048,2018-06-02,13:04:13,Lunch,TP,"[('Salad', 9), ('Fries', 4)]",202.8,37.8013014,144.9938723,0,11.328,15.8819445
ORDX04898,2018-03-02,09:51:32,Breakfast,BK,"[('Eggs', 7), ('Coffee', 3), ('Cereal', 8), ('Pancake', 9)]",923.6,-37.8154287,144.9665185,0,7.528,12.5628206
ORDK03126,2018-11-21,18:49:00,Dinner,BK,"[('Salmon', 8), ('Shrimp', 8), ('Fish&Chips', 1)]",795.0,-37.8210155,144.9490014,0,9.224,16.6000731
ORDK03325,2018-02-04,09:00:50,Dinner,BK,"[('Eggs', 5), ('Pancake', 10), ('Cereal', 2)]",394.5,-37.802308,144.9301719,0,10.663,18.179342
ORDK10451,2018-07-24,14:45:38,Lunch,BK,"[('Burger', 3), ('Salad', 6)]",252.75,-37.820778,144.9792131,0,7.081,12.7216189
ORDA08591,2018-03-21,10:32:06,Breakfast,BK,"[('Coffee', 2), ('Pancake', 3)]",87.75,-37.8158592,144.9612594,0,7.984,12.7198974
ORDC01548,2018-06-10,13:14:21,Lunch,NS,"[('Salad', 4), ('Burger', 7), ('Chicken', 5), ('Fries', 6)]",517.8,-37.8009874,144.992572,0,9.18,16.1907297
ORDC02816,2018-12-03,19:09:17,Dinner,NS,"[('Salmon', 5), ('Fish&Chips', 9)]",520.0,-37.8160919,144.9640996,0,8.254,14.2468396
ORDA08463,2018-04-16,11:22:49,Breakfast,BK,"[('Chicken', 7), ('Pancake', 1), ('Eggs', 8)]",347.25,-37.8107537,144.9670868,0,7.196,12.5350446
ORDJ01675,2018-09-09,16:16:54,Dinner,TP,"[('Fish&Chips', 7), ('Shrimp', 2), ('Pasta', 3)]",495.0,-37.8101926,144.9613829,0,8.501,14.273295
ORDB07850,2018-12-24,19:49:51,Dinner,tp,"[('Shrimp', 1), ('Salmon', 3), ('Fish&Chips', 9)]",492.0,-37.822358,144.982749,0,8.765,12.3628725
ORDY06428,2018-04-26,11:43:05,Breakfast,TP,"[('Coffee', 4), ('Eggs', 1)]",52.0,-37.8184197,144.966889,0,8.765,10.8917965
ORDK01911,2018-04-01,10:52:23,Breakfast,BK,"[('Pancake', 8), ('Cereal', 1)]",215.0,37.8160628,144.9529516,0,8.633,15.6326309
ORDI00260,2018-02-19,09:31:16,Breakfast,NS,"[('Cereal', 6), ('Coffee', 8), ('Eggs', 6), ('Pancake', 9)]",363.0,-37.807166,144.946179,0,8.883,13.9953671
ORDX10603,2018-04-07,11:02:32,Breakfast,BK,"[('Eggs', 9), ('Coffee', 4)]",228.0,-37.8112768,144.9730519,0,6.788,14.08547
ORDY05439,2018-09-24,16:47:19,Lunch,TP,"[('Pasta', 4), ('Salmon', 4)]",274.0,-37.8167053,144.9881955,0,9.589,13.3617806
ORDK09306,04-08-2018,15:05:54,Lunch,BK,"[('Steak', 3), ('Chicken', 7), ('Burger', 7), ('Fries', 1), ('Salad', 3)]",639.6,-37.8038748,144.9496453,0,8.833,17.2321004
ORDX09143,2018-12-03,19:09:17,Dinner,BK,"[('Shrimp', 7), ('Eggs', 1)]",405.5,-37.8143336,145.0144589,0,4.445,11.8589996
ORDY01953,2018-07-04,14:05:04,Dinner,TP,"[('Burger', 3), ('Chicken', 7), ('Fries', 9), ('Steak', 2), ('Salad', 2)]",549.4,-37.8217938,145.0095174,0,11.493,14.8029195
ORDZ09437,2018-11-28,18:59:09,Dinner,NS,"[('Shrimp', 6), ('Salmon', 5), ('Fish&Chips', 3), ('Pasta', 8)]",259.8,-37.8204674,144.9663312,0,8.869,14.6155351
ORDY01661,2018-07-15,14:25:21,Lunch,TP,"[('Fries', 10), ('Chicken', 5), ('Salad', 7), ('Burger', 4), ('Steak', 8)]",884.4,-37.8146672,144.9383459,0,10.293,15.3295273
ORDI02444,2018-06-16,13:24:30,Lunch,NS,"[('Chicken', 10), ('Fries', 9), ('Salad', 4), ('Burger', 4)]",620.8,-37.822442,144.9846368,1,9.071,17.0631516
ORDB08567,2018-04-29,11:53:14,Breakfast,TP,"[('Eggs', 2), ('Pancake', 6), ('Cereal', 8)]",357.5,-37.8165334,144.9896968,0,9.823,14.0496399
ORDY03161,2018-03-11,10:11:49,Breakfast,TP,"[('Cereal', 6), ('Eggs', 6), ('Coffee', 8)]",318.0,-37.8045206,144.9632404,0,9.24,13.5706571
ORDB01379,2018-24-06,13:44:47,Lunch,TP,"[('Steak', 5), ('Chicken', 3), ('Salad', 4)]",389.8,-37.8250019,144.9827671,0,8.968,14.2376478
ORDJ07153,2018-05-01,11:53:14,Breakfast,TP,"[('Cereal', 10), ('Coffee', 1)]",712.0,-37.8093528,144.9504044,0,9.494,11.9583338
ORDY05382,2018-12-13,19:29:34,Dinner,NS,"[('Pasta', 4), ('Salmon', 9), ('Fish&Chips', 10), ('Shrimp', 4)]",1045.0,-37.8174377,144.9768171,0,10.507,14.1630327
ORDJ06271,2018-09-22,16:47:19,Dinner,TP,"[('Pasta', 4), ('Fish&Chips', 3), ('Salmon', 10), ('Shrimp', 3)]",787.0,-37.8045059,144.9479223,0,9.835,15.0929428
ORDB08264,2018-12-27,20:00:00,Dinner,TP,"[('Pasta', 3), ('Salmon', 5)]",144.75,-37.8129001,144.9392577,0,10.226,14.5772032
ORDC05554,2018-12-11,19:29:34,Dinner,NS,"[('Shrimp', 6), ('Salmon', 8), ('Fries', 6), ('Fish&Chips', 5)]",992.0,-37.8202905,144.9576071,0,9.18,15.2014017
ORDI07129,2018-12-09,19:19:26,Dinner,NS,"[('Pasta', 9), ('Shrimp', 9), ('Fish&Chips', 3)]",838.5,-37.8222512,144.9497707,0,9.815,17.2975536
ORDB07483,2018-03-03,10:01:41,Breakfast,TP,"[('Cereal', 2), ('Coffee', 1), ('Eggs', 8), ('Pancake', 9)]",443.75,-37.8209127,144.9670552,0,7.533,11.4216881
ORDX04925,2018-02-22,09:41:24,Breakfast,BK,"[('Cereal', 7), ('Eggs', 5), ('Coffee', 8)]",317.0,-37.8156898,145.0068825,0,4.111,8.9892842
ORDB08136,2018-04-04,11:02:32,Breakfast,TP,"[('Coffee', 5), ('Pancake', 2), ('Eggs', 7)]",240.0,-37.8157301,144.9791528,0,9.388,11.632187
ORDX02804,2018-03-11,10:11:49,Breakfast,BK,"[('Eggs', 9), ('Salmon', 5), ('Cereal', 10), ('Coffee', 1)]",536.75,-37.8046228,144.9633154,0,7.568,14.5206732
ORDA01292,2018-08-09,15:16:03,Lunch,BK,"[('Burger', 1), ('Steak', 4), ('Salad', 8), ('Fries', 10)]",468.6,-37.7989584,144.9631716,0,8.245,14.0976619
ORDC01391,2018-28-10,17:58:18,Dinner,NS,"[('Fish&Chips', 2), ('Pasta', 2), ('Shrimp', 10), ('Salmon', 4)]",829.0,-37.8214261,144.9918042,0,9.685,17.4173341
ORDX07213,2018-08-16,15:26:11,Lunch,BK,"[('Fries', 5), ('Chicken', 1), ('Eggs', 3), ('Burger', 1)]",258.0,-37.8114192,145.0097679,0,3.265,9.0922804
ORDZ02869,2018-25-06,13:44:47,Lunch,NS,"[('Steak', 9), ('Salad', 1), ('Chicken', 3), ('Burger', 10), ('Fries', 9)]",936.2,-37.8242064,144.9840935,0,9.503,15.5843785
ORDB05232,2018-07-21,14:35:29,Lunch,TP,"[('Steak', 3), ('Salad', 3)]",186.6,-37.8210515,145.0130839,0,11.886,16.0902356
ORDK04209,2018-04-17,11:32:57,Dinner,BK,"[('Eggs', 3), ('Pancake', 7), ('Coffee', 3), ('Cereal', 8)]",426.25,-37.813292,144.9739203,0,6.836,11.8385307
ORDK01243,2018-08-17,15:36:20,Lunch,BK,"[('Burger', 3), ('Fries', 2)]",117.0,-37.8187086,144.9552773,0,8.587,14.3646289
ORDZ08605,2018-03-28,10:52:23,Lunch,NS,"[('Cereal', 5), ('Coffee', 6), ('Pancake', 1)]",174.25,-37.8129664,144.9634303,0,7.852,12.3007903
ORDC01631,2018-12-12,19:29:34,Dinner,NS,"[('Shrimp', 10), ('Salmon', 9)]",909.0,37.8139832,144.9645678,0,7.972,14.4838743
ORDA00159,2018-03-12,10:11:49,Breakfast,BK,"[('Coffee', 9), ('Cereal', 2), ('Pancake', 3)]",182.25,-37.8254474,144.9530928,1,9.095,14.4629272
ORDI07901,2018-03-17,10:21:58,Breakfast,NS,"[('Eggs', 2), ('Pancake', 9), ('Cereal', 9)]",451.25,-37.8241912,144.990068,0,9.119,16.5281932
ORDC05144,2018-04-28,11:53:14,Breakfast,NS,"[('Coffee', 2), ('Eggs', 7)]",169.0,-37.8230646,144.968504,0,8.999,15.9912177
ORDC06650,2018-12-09,19:19:26,Dinner,NS,"[('Shrimp', 2), ('Fish&Chips', 3), ('Pasta', 5)]",350.5,-37.8205844,144.9484461,0,9.72,18.1898131
ORDY07506,2018-11-03,18:08:27,Dinner,TP,"[('Burger', 7), ('Pasta', 4), ('Salmon', 8), ('Fish&Chips', 7)]",1061.0,-37.8114098,144.9520326,0,9.107,14.8762406
ORDZ06521,2018-04-22,11:43:05,Breakfast,NS,"[('Coffee', 6), ('Eggs', 5), ('Pancake', 1)]",179.25,-37.8188629,144.9531155,0,9.251,16.2478627
ORDX04948,2018-08-15,15:26:11,Lunch,BK,"[('Burger', 6), ('Chicken', 7), ('Salad', 6)]",513.2,-37.8092956,144.9863171,0,5.354,10.7470806
ORDY08222,2018-01-25,08:40:33,Breakfast,bk,"[('Eggs', 6), ('Cereal', 5)]",237.0,-37.8236006,144.9561396,0,7.991,11.2007623
ORDJ09081,2018-01-19,08:30:25,Breakfast,TP,"[('Eggs', 3), ('Pancake', 2), ('Coffee', 8), ('Cereal', 5)]",279.5,-37.8229551,144.9547273,1,8.283,11.4409204
ORDA08300,2018-09-17,16:37:10,Dinner,BK,"[('Fish&Chips', 5), ('Shrimp', 4)]",391.0,-37.8249784,144.9460069,1,9.74,16.9787712
ORDA05852,2018-04-06,11:02:32,Breakfast,BK,"[('Pancake', 5), ('Cereal', 6)]",247.25,37.8128124,144.9657905,0,7.467,12.5507266
ORDJ02715,2018-12-17,19:39:43,Dinner,TP,"[('Salmon', 1), ('Fish&Chips', 10), ('Shrimp', 4)]",218.0,-37.8218553,144.9359347,0,9.936,13.9899726
ORDA05227,2018-02-02,09:00:50,Breakfast,BK,"[('Coffee', 5), ('Cereal', 6), ('Eggs', 2)]",207.5,-37.7990008,144.9274382,0,11.022,16.464214
ORDK10624,2018-01-24,08:40:33,Breakfast,bk,"[('Eggs', 3), ('Pancake', 4)]",163.0,-37.806396,145.0038798,0,4.198,8.9853144
ORDX07090,2018-07-04,14:05:04,Breakfast,BK,"[('Steak', 2), ('Salad', 5), ('Fries', 5)]",236.0,-37.8033228,144.9650493,0,7.589,13.2425977
ORDC04277,2018-08-15,15:26:11,Lunch,NS,"[('Chicken', 10), ('Salad', 9), ('Fries', 6), ('Pancake', 5)]",771.8,-37.8051543,144.9691048,0,6.625,12.1708213
ORDZ05192,2018-11-09,18:18:35,Dinner,NS,"[('Pasta', 9), ('Fish&Chips', 6), ('Salmon', 8)]",785.5,-37.8198341,145.0108556,0,11.099,16.7898957
ORDJ07201,2018-03-10,10:11:49,Breakfast,TP,"[('Eggs', 6), ('Cereal', 9)]",321.0,-37.8127158,144.9816107,0,9.72,13.1963356
ORDX09959,2018-10-11,17:17:44,Dinner,BK,"[('Pasta', 6), ('Salmon', 9)]",331.6,-37.8119624,144.9534267,0,8.405,15.9462438
ORDB03548,2018-01-28,08:50:42,Breakfast,TP,"[('Cereal', 5), ('Coffee', 5), ('Eggs', 3)]",73.5,-37.8103636,144.9371884,0,10.437,14.3635954
ORDJ01975,2018-01-27,08:50:42,Breakfast,TP,"[('Pancake', 9), ('Coffee', 9), ('Eggs', 8)]",461.75,-37.8112391,144.9734325,0,8.874,13.1076296
ORDY07740,2018-12-18,19:39:43,Dinner,TP,"[('Pasta', 6), ('Salmon', 5)]",370.0,-37.8086073,144.9466117,0,9.826,14.217256
ORDI04023,2018-08-12,15:26:11,Lunch,NS,"[('Fish&Chips', 5), ('Chicken', 2), ('Fries', 10), ('Burger', 1)]",440.0,-37.8136019,144.9648752,0,7.903,15.6409672
ORDA00147,2018-05-05,12:03:22,Lunch,BK,"[('Chicken', 5), ('Burger', 8), ('Steak', 9), ('Fries', 8), ('Salad', 10)]",1081.0,-37.8004243,144.9598831,0,8.275,16.8256313
ORDK00420,2018-07-31,14:55:46,Lunch,BK,"[('Chicken', 10), ('Steak', 8), ('Salad', 5)]",766.0,-37.8027583,145.0024573,1,5.228,10.8980287
ORDI05374,2018-11-06,18:18:35,Dinner,NS,"[('Shrimp', 7), ('Salmon', 2), ('Fish&Chips', 7), ('Pasta', 8)]",925.0,37.8142098,144.9629982,0,8.09,13.9143107
ORDI03281,2018-05-04,12:03:22,Lunch,NS,"[('Salad', 6), ('Chicken', 6)]",295.2,-37.8000152,144.935183,0,6.646,12.3326257
ORDC01136,2018-01-06,08:10:08,Breakfast,bk,"[('Pancake', 1), ('Cereal', 1), ('Eggs', 6)]",177.25,-37.8111224,145.0063192,1,9.996,8.5135927
ORDZ10475,2018-03-27,10:42:15,Lunch,NS,"[('Coffee', 6), ('Eggs', 7), ('Cereal', 1), ('Pancake', 2)]",268.5,-37.803376,144.9620344,0,7.103,11.8136505
ORDJ00434,2018-16-02,09:31:16,Breakfast,TP,"[('Pancake', 6), ('Eggs', 3), ('Coffee', 9), ('Cereal', 4)]",363.0,-37.8043098,144.949973,0,10.037,12.3936723
ORDI08003,2018-03-02,09:51:32,Breakfast,NS,"[('Pancake', 1), ('Eggs', 10)]",244.25,-37.817927,144.9678674,0,8.52,12.9773034
ORDI10486,2018-09-22,16:47:19,Dinner,NS,"[('Shrimp', 10), ('Salmon', 3), ('Fish&Chips', 2)]",733.0,-37.8013687,145.0046832,0,9.522,17.4273181
ORDX09462,2018-03-28,10:52:23,Breakfast,BK,"[('Eggs', 1), ('Coffee', 10)]",97.0,-37.7990413,144.9541571,0,8.62,13.4908254
ORDZ06940,2018-05-14,12:23:39,Lunch,NS,"[('Steak', 8), ('Fries', 5), ('Chicken', 7)]",644.0,-37.805841,144.956183,0,7.925,13.3857664
ORDZ07072,2018-06-05,13:04:13,Lunch,NS,"[('Steak', 7), ('Burger', 2), ('Chicken', 10), ('Salad', 2), ('Fries', 4)]",779.4,-37.8230742,145.0053099,0,8.526,16.4668858
ORDY08952,2018-12-30,20:00:00,Dinner,TP,"[('Fish&Chips', 3), ('Salmon', 4), ('Pasta', 3)]",351.5,-37.8157365,144.9372803,0,10.44,15.5701946
ORDK01617,2018-01-30,08:50:42,Breakfast,BK,"[('Cereal', 10), ('Eggs', 5)]",320.0,-37.8229288,144.9763588,0,7.347,11.9469118
ORDI04717,2018-03-14,10:21:58,Breakfast,NS,"[('Eggs', 3), ('Cereal', 8), ('Coffee', 2), ('Pancake', 4)]",346.0,-37.8121427,144.9792291,0,7.996,12.6610494
ORDZ02157,2018-05-27,12:43:56,Lunch,ns,"[('Burger', 8), ('Fries', 5)]",308.0,-37.8183666,144.9765336,0,8.36,16.3291903
ORDA01019,2018-09-10,16:16:54,Dinner,BK,"[('Fish&Chips', 4), ('Shrimp', 1), ('Salmon', 4)]",358.0,-37.8104418,144.9614008,0,7.634,14.5199915
ORDY03626,2018-05-19,12:33:48,Lunch,TP,"[('Burger', 4), ('Steak', 9)]",529.0,-37.8134219,144.9533437,1,8.848,13.9827472
ORDC04817,2018-07-13,14:25:21,Breakfast,NS,"[('Steak', 8), ('Chicken', 7), ('Burger', 7)]",801.0,-37.8184891,144.9981526,0,9.96,15.507661
ORDY04313,2018-09-27,16:57:27,Dinner,TP,"[('Shrimp', 7), ('Salmon', 4)]",542.0,-37.7998181,144.9528048,0,10.073,14.020232
ORDZ00104,2018-12-05,19:09:17,Dinner,NS,"[('Chicken', 9), ('Fish&Chips', 10), ('Pasta', 7)]",1028.5,-37.8207182,144.954738,0,9.387,15.0820774
ORDK00980,2018-09-14,16:27:02,Dinner,ns,"[('Fish&Chips', 1), ('Shrimp', 2), ('Salmon', 9), ('Pasta', 6)]",677.0,-37.8151294,144.9352547,0,10.195,17.7173584
ORDK10629,2018-02-10,09:10:59,Breakfast,BK,"[('Coffee', 6), ('Cereal', 4), ('Eggs', 4), ('Pancake', 5)]",338.25,-37.8089518,144.9661747,0,7.167,13.7049211
ORDK06567,2018-08-29,15:56:37,Dinner,BK,"[('Fries', 2), ('Salad', 5), ('Chicken', 7), ('Steak', 5)]",559.0,-37.8102167,144.9612965,0,7.628,13.5578204
ORDA10765,2018-01-28,08:50:42,Breakfast,BK,"[('Cereal', 10), ('Eggs', 6), ('Pancake', 3), ('Coffee', 2)]",429.75,-37.8173377,144.9602763,0,8.118,15.4803045
ORDX10196,2018-23-09,16:47:19,Dinner,BK,"[('Pasta', 1), ('Shrimp', 4)]",243.5,-37.8141146,144.9388239,0,10.227,20.362932
ORDK02268,2018-09-15,16:27:02,Dinner,BK,"[('Fish&Chips', 10), ('Pasta', 8), ('Salmon', 6), ('Shrimp', 6)]",1140.0,-37.824903,144.9923348,0,6.782,15.83575
ORDY06461,2018-04-30,11:53:14,Lunch,TP,"[('Cereal', 7), ('Pancake', 9), ('Coffee', 5)]",402.75,-37.8189997,144.9526099,0,8.591,11.1860582
ORDX10345,2018-02-18,09:31:16,Breakfast,BK,"[('Eggs', 7), ('Coffee', 8), ('Pancake', 7)]",383.75,-37.8074441,144.9578204,0,8.02,14.944332
ORDK01291,2018-05-22,12:33:48,Lunch,BK,"[('Steak', 4), ('Salad', 1), ('Chicken', 4), ('Burger', 2)]",387.2,-37.8069983,144.944716,0,9.284,15.3799448
ORDI03846,2018-02-23,09:41:24,Breakfast,NS,"[('Eggs', 9), ('Coffee', 1)]",205.5,37.8062193,144.9325752,0,10.197,15.2923329
ORDJ06182,2018-03-19,10:32:06,Breakfast,TP,"[('Coffee', 8), ('Pancake', 8), ('Eggs', 10)]",474.0,-37.8035093,144.9484419,0,9.985,12.3026601
ORDZ06415,2018-01-25,08:40:33,Breakfast,NS,"[('Eggs', 4), ('Pancake', 10), ('Cereal', 6), ('Coffee', 6)]",501.5,-37.8123421,144.9622123,0,7.862,12.6302459
ORDY05887,2018-12-01,18:59:09,Dinner,TP,"[('Shrimp', 8), ('Fish&Chips', 4)]",572.0,-37.815163,144.9661091,0,8.017,13.4348409
ORDK00153,2018-09-26,16:47:19,Dinner,BK,"[('Shrimp', 1), ('Fish&Chips', 4), ('Salmon', 7)]",481.0,37.7993749,144.9602387,0,8.454,15.7277877
ORDB02532,2018-12-03,19:09:17,Dinner,TP,"[('Fish&Chips', 10), ('Shrimp', 7)]",322.25,-37.8170903,144.9606255,0,8.081,11.8590191
ORDB03143,2018-06-14,13:24:30,Lunch,TP,"[('Burger', 8), ('Chicken', 10)]",568.0,-37.8095778,144.963772,1,8.653,12.1159708
ORDB10889,2018-07-06,14:05:04,Dinner,TP,"[('Chicken', 9), ('Burger', 9), ('Fries', 4)]",615.0,-37.7996308,144.9578806,0,9.759,13.6439412
ORDZ00523,2018-03-04,10:01:41,Breakfast,NS,"[('Pancake', 4), ('Cereal', 3), ('Coffee', 7)]",212.5,-37.8155051,144.935688,0,10.034,17.0710152
ORDZ00391,2018-03-01,09:51:32,Breakfast,NS,"[('Cereal', 7), ('Coffee', 5), ('Pancake', 4), ('Eggs', 10)]",501.5,-37.8232628,144.9830236,0,9.365,14.1129424
ORDK05616,2018-04-22,11:43:05,Breakfast,BK,"[('Eggs', 7), ('Coffee', 5)]",191.5,-37.8174332,144.9526445,0,8.756,16.1705394
ORDC07791,2018-02-04,09:00:50,Breakfast,NS,"[('Coffee', 8), ('Cereal', 8)]",228.0,-37.8044772,144.9631866,1,7.111,14.197157
ORDZ07694,2018-15-11,18:28:43,Dinner,NS,"[('Fish&Chips', 3), ('Shrimp', 9), ('Salmon', 2), ('Pasta', 2)]",728.0,-37.8070126,144.9457679,0,9.122,14.833408
ORDY06173,2018-09-21,16:37:10,Dinner,TP,"[('Salmon', 6), ('Pasta', 5), ('Fish&Chips', 3)]",488.5,37.822653,144.998453,0,10.308,14.0145389
ORDC08323,2018-10-01,16:57:27,Dinner,NS,"[('Shrimp', 6), ('Salmon', 6)]",570.0,-37.813514,144.9442952,0,9.296,15.4661472
ORDX00146,2018-06-13,13:24:30,Lunch,BK,"[('Salad', 10), ('Fries', 2)]",196.0,-37.8260709,145.0170144,0,7.684,11.1573375
ORDY08618,2018-09-29,16:57:27,Dinner,TP,"[('Shrimp', 4), ('Fish&Chips', 2), ('Salmon', 10), ('Pasta', 8)]",916.0,-37.808478,144.9511111,0,9.342,15.5005202
ORDX01526,2018-10-21,17:38:01,Dinner,BK,"[('Fish&Chips', 1), ('Salmon', 6), ('Pasta', 9), ('Shrimp', 5)]",798.5,37.8171564,144.9526512,0,8.733,18.0879669
ORDZ05341,2018-11-16,18:28:43,Dinner,NS,"[('Pasta', 5), ('Shrimp', 5)]",407.5,-37.814892,145.0076791,0,10.53,16.8458437
ORDJ06793,2018-01-13,08:20:16,Dinner,TP,"[('Pancake', 5), ('Cereal', 2)]",163.25,-37.801354,144.9463284,1,10.361,7.0041112
ORDK08726,2018-09-04,16:06:45,Dinner,BK,"[('Pasta', 9), ('Shrimp', 3), ('Fish&Chips', 2)]",479.5,-37.8122644,144.937572,0,9.957,17.0374948
ORDA09685,2018-06-19,13:34:38,Lunch,NS,"[('Burger', 2), ('Salad', 5), ('Chicken', 9), ('Fries', 2), ('Steak', 9)]",865.0,-37.8247764,145.0065823,0,4.855,10.7048315
ORDY03812,2018-02-12,09:21:07,Breakfast,TP,"[('Coffee', 4), ('Cereal', 2), ('Pancake', 3)]",144.75,37.815865,144.9731491,0,8.27,11.2549516
ORDX07237,2018-06-16,13:24:30,Lunch,BK,"[('Chicken', 8), ('Steak', 2), ('Salad', 7), ('Burger', 2), ('Fries', 4)]",576.4,-37.8223938,144.9487416,0,9.186,18.0919812
ORDC01844,2018-12-05,19:09:17,Dinner,NS,"[('Salmon', 8), ('Shrimp', 9)]",814.0,-37.8019828,144.9596349,1,7.247,13.3579464
ORDJ03734,2018-10-21,17:38:01,Breakfast,TP,"[('Fish&Chips', 10), ('Shrimp', 1), ('Salmon', 6), ('Pasta', 5)]",787.5,-37.8232838,144.9700191,0,7.976,13.5228689
ORDY10793,2018-05-23,12:43:56,Lunch,TP,"[('Chicken', 1), ('Salad', 8), ('Burger', 2), ('Fries', 5), ('Steak', 3)]",426.6,-37.8149608,144.9862468,0,9.559,12.1190565
ORDK06752,2018-12-29,20:00:00,Dinner,BK,"[('Fish&Chips', 3), ('Shrimp', 10), ('Salmon', 5)]",850.0,-37.8242126,144.9733404,0,7.733,17.0456799
ORDJ03855,2018-01-16,08:30:25,Breakfast,TP,"[('Cereal', 5), ('Coffee', 9), ('Pancake', 2), ('Eggs', 3)]",420.5,-37.8070076,144.9578953,1,9.168,5.9997212
ORDC11058,2018-03-26,10:42:15,Breakfast,NS,"[('Cereal', 7), ('Pancake', 9)]",365.25,-37.8013693,144.9742775,0,6.468,11.4960045
ORDY00515,2018-31-05,12:54:05,Lunch,TP,"[('Burger', 10), ('Salad', 1)]",327.2,-37.822232,144.9559424,0,8.13,11.7392358
ORDB04690,2018-01-15,08:20:16,Breakfast,TP,"[('Eggs', 10), ('Coffee', 8), ('Cereal', 10)]",490.0,-37.8148596,144.9235134,1,12.373,7.7388823
ORDX01485,2018-02-18,09:31:16,Breakfast,BK,"[('Coffee', 6), ('Pancake', 9), ('Eggs', 3), ('Cereal', 10)]",539.25,-37.8154735,144.9921706,1,5.267,12.8976387
ORDY10313,2018-05-02,11:53:14,Breakfast,TP,"[('Eggs', 3), ('Cereal', 8)]",269.0,-37.8063468,144.9591066,0,8.992,12.1406828
ORDY07068,2018-15-05,12:23:39,Lunch,TP,"[('Chicken', 10), ('Burger', 1)]",351.0,-37.817231,144.9643889,0,7.666,11.5454821
ORDZ09660,2018-07-04,14:05:04,Lunch,NS,"[('Fries', 6), ('Salad', 8), ('Chicken', 8)]",465.6,-37.8146821,144.9383025,0,9.785,15.2569029
ORDB03782,2018-05-21,12:33:48,Lunch,TP,"[('Steak', 5), ('Burger', 6), ('Chicken', 9), ('Fries', 2), ('Salad', 4)]",791.8,-37.8154782,144.95394,0,8.64,11.6659224
ORDZ10040,2018-11-24,18:49:00,Dinner,NS,"[('Salmon', 6), ('Fish&Chips', 2), ('Pasta', 10)]",591.0,-37.8131872,144.9399364,0,9.645,17.9007037
ORDY02077,2018-12-06,19:09:17,Dinner,TP,"[('Salmon', 4), ('Fish&Chips', 4), ('Pasta', 7)]",468.6,-37.8148953,144.9689667,0,8.18,12.2546279
ORDY06264,2018-06-26,13:44:47,Lunch,TP,"[('Burger', 7), ('Fries', 4), ('Salad', 5)]",351.0,144.9567645,-37.8221435,0,8.055,11.3892711
ORDJ07900,2018-06-20,13:34:38,Lunch,TP,"[('Steak', 3), ('Salad', 4), ('Burger', 5), ('Chicken', 10)]",678.8,-37.8058688,144.9560044,0,9.285,12.3317431
ORDA08877,2018-08-14,15:26:11,Lunch,bk,"[('Steak', 9), ('Salad', 5), ('Fries', 6), ('Burger', 3), ('Chicken', 8)]",912.0,-37.8235474,144.9982964,0,5.455,11.3278229
ORDC04759,2018-01-31,08:50:42,Breakfast,NS,"[('Eggs', 5), ('Pancake', 10)]",352.5,37.8234221,144.9571591,0,10.039,15.3220991
ORDA09903,2018-10-09,17:17:44,Dinner,BK,"[('Pasta', 5), ('Salmon', 9)]",506.5,-37.8139729,144.9715369,0,7.054,13.6421402
ORDY07705,2018-15-01,08:20:16,Breakfast,TP,"[('Pancake', 7), ('Eggs', 2), ('Coffee', 10), ('Cereal', 7)]",435.75,-37.815726,144.9218574,1,12.7,7.6667114
ORDK03850,2018-11-03,18:08:27,Dinner,BK,"[('Fish&Chips', 10), ('Shrimp', 7)]",728.0,-37.8024937,145.0144011,0,4.594,13.6225818
ORDZ08758,2018-12-02,19:09:17,Dinner,NS,"[('Fish&Chips', 10), ('Pasta', 10), ('Salmon', 9)]",994.0,-37.8146902,144.9688726,0,7.86,16.3403575
ORDA04519,2018-03-28,10:42:15,Breakfast,BK,"[('Eggs', 4), ('Cereal', 5), ('Pancake', 9)]",411.25,-37.8143237,144.9616137,1,7.875,12.7163252
ORDX08306,2018-03-24,10:42:15,Breakfast,BK,"[('Eggs', 8), ('Coffee', 9), ('Cereal', 8)]",411.5,37.8123572,144.9540342,0,8.311,15.6913692
ORDX03500,2018-11-06,18:18:35,Dinner,BK,"[('Fish&Chips', 7), ('Salmon', 8), ('Shrimp', 2), ('Pasta', 6)]",846.0,-37.8070319,144.9597603,0,7.736,14.2992469
ORDC10934,2018-07-21,14:35:29,Lunch,NS,"[('Fries', 1), ('Burger', 5), ('Steak', 7), ('Salad', 3)]",533.6,-37.8213165,145.0122742,0,11.397,18.699816
ORDI04759,2018-02-13,09:21:07,Breakfast,NS,"[('Pancake', 5), ('Cereal', 10)]",331.25,37.8020621,144.9653646,0,6.699,11.7956432
ORDI03359,2018-19-11,18:38:52,Dinner,NS,"[('Pasta', 9), ('Salmon', 2), ('Fish&Chips', 1)]",364.5,-37.8121858,144.9442356,0,10.656,16.7056451
ORDC06895,10-01-2018,08:10:08,Breakfast,NS,"[('Eggs', 6), ('Coffee', 10), ('Pancake', 1)]",231.25,-37.8059161,144.9835677,1,7.797,5.8122537
ORDC02799,2018-05-13,12:23:39,Lunch,NS,"[('Fries', 10), ('Burger', 4), ('Steak', 2), ('Salad', 2), ('Chicken', 9)]",656.4,-37.8011739,144.9416032,0,11.632,18.8891094
ORDC07728,2018-10-05,17:07:36,Dinner,NS,"[('Pasta', 1), ('Shrimp', 2), ('Fish&Chips', 7), ('Salmon', 1)]",421.5,-37.8087451,144.9557643,0,8.046,14.081075
ORDX04837,01-12-2018,18:59:09,Dinner,BK,"[('Shrimp', 3), ('Salmon', 7), ('Pasta', 6)]",614.0,-37.8152168,144.9659067,0,7.612,16.836256
ORDC05770,2018-09-11,16:16:54,Dinner,NS,"[('Salmon', 4), ('Fish&Chips', 7), ('Pasta', 2), ('Shrimp', 5)]",734.0,37.810432,144.9614358,0,7.66,13.508596
ORDK09443,2018-12-04,19:09:17,Dinner,BK,"[('Salmon', 10), ('Pasta', 8), ('Fish&Chips', 2), ('Shrimp', 5)]",970.0,-37.8107694,145.0127613,0,4.169,10.6678344
ORDC03765,2018-07-21,14:35:29,Lunch,NS,"[('Chicken', 1), ('Steak', 8), ('Burger', 3), ('Salad', 10)]",657.0,-37.8259548,144.9818306,0,9.333,16.7527642
ORDY10041,2018-02-09,09:10:59,Breakfast,TP,"[('Eggs', 9), ('Pancake', 5), ('Coffee', 9)]",386.75,-37.798988,144.9870463,0,8.986,13.4190306
ORDI07075,2018-10-02,17:07:36,Dinner,NS,"[('Fish&Chips', 4), ('Shrimp', 2), ('Salmon', 2)]",330.0,-37.8206332,144.9668528,0,8.808,14.9632379
ORDY06080,2018-07-01,13:54:55,Lunch,TP,"[('Fries', 8), ('Salad', 8)]",233.6,-37.8133627,144.9416517,0,8.33,14.7764089
ORDY04975,2018-05-28,12:54:05,Lunch,TP,"[('Fries', 7), ('Salad', 7), ('Chicken', 9)]",285.0,-37.8150674,144.9735379,0,8.398,11.6420417
ORDY07823,2018-06-10,13:14:21,Lunch,TP,"[('Fries', 8), ('Chicken', 3), ('Salad', 8), ('Steak', 6)]",599.6,-37.8144932,144.9638438,0,8.015,12.5390883
ORDC01404,2018-04-26,11:43:05,Breakfast,BK,"[('Pancake', 4), ('Coffee', 3), ('Cereal', 1), ('Eggs', 9)]",338.5,-37.81357,144.9410259,0,9.513,14.4210743
ORDI01570,2018-08-19,15:36:20,Lunch,NS,"[('Chicken', 8), ('Steak', 6), ('Burger', 1), ('Salad', 2), ('Fries', 7)]",675.4,-37.8065163,144.9843136,0,7.757,14.8234704
ORDX07956,2018-12-25,19:49:51,Dinner,BK,"[('Fish&Chips', 8), ('Shrimp', 8)]",712.0,-37.8248994,144.9567484,0,7.002,16.1858778
ORDY07129,2018-18-05,12:33:48,Lunch,TP,"[('Burger', 3), ('Chicken', 4), ('Salad', 7), ('Steak', 1), ('Fries', 8)]",482.4,-37.8009923,144.9566858,0,9.624,12.9826311
ORDJ06138,2018-11-15,18:28:43,Dinner,BK,"[('Pasta', 8), ('Shrimp', 7), ('Fish&Chips', 7)]",843.0,-37.8206353,144.984965,0,9.118,13.5912914
ORDK09150,2018-01-25,08:40:33,Breakfast,BK,"[('Pancake', 8), ('Coffee', 6), ('Cereal', 5), ('Eggs', 2)]",388.0,-37.8082351,144.9603205,0,9.549,12.3299876
ORDJ03284,2018-05-04,12:03:22,Lunch,TP,"[('Fries', 10), ('Burger', 9)]",399.0,-37.8072682,144.9487803,0,9.66,12.5649276
ORDJ10513,2018-10-10,17:17:44,Dinner,TP,"[('Fish&Chips', 6), ('Shrimp', 9), ('Pasta', 5), ('Eggs', 4)]",997.5,-37.8123436,144.9535614,0,9.042,13.5643059
ORDA10443,2018-01-19,08:30:25,Breakfast,BK,"[('Pasta', 8), ('Coffee', 5), ('Cereal', 6), ('Pancake', 5)]",460.75,-37.8117394,144.9361524,0,10.566,16.011455
ORDI03632,2018-08-07,15:16:03,Lunch,NS,"[('Steak', 1), ('Fries', 5), ('Salad', 9)]",259.8,-37.8098827,144.9433844,0,6.832,15.3045543
ORDC06821,2018-12-29,20:00:00,Dinner,NS,"[('Shrimp', 5), ('Salmon', 8), ('Pasta', 5), ('Fish&Chips', 2)]",805.5,37.7968922,145.0095675,0,10.133,17.7349259
ORDC09638,2018-11-27,18:59:09,Dinner,NS,"[('Pasta', 1), ('Shrimp', 1), ('Fish&Chips', 8)]",361.5,-37.8168617,144.9769001,0,8.368,13.9969678
ORDJ01860,2018-02-08,09:10:59,Breakfast,TP,"[('Coffee', 7), ('Pancake', 1), ('Cereal', 9)]",265.75,-37.8216031,144.9808114,0,8.676,10.9739131
ORDZ06394,2018-08-27,15:56:37,Lunch,NS,"[('Fries', 3), ('Salad', 6), ('Burger', 2), ('Eggs', 8)]",457.2,-37.8172745,144.9533612,0,8.981,15.0222954
ORDA01813,2018-10-26,17:48:10,Dinner,BK,"[('Pasta', 4), ('Shrimp', 10), ('Salmon', 5)]",855.0,-37.8203466,144.9657142,0,8.014,15.1650497
ORDK09286,2018-01-14,08:20:16,Breakfast,BK,"[('Eggs', 2), ('Coffee', 6), ('Cereal', 3)]",152.0,-37.8234593,144.959651,1,8.538,7.857546
ORDB08896,2018-01-20,08:30:25,Breakfast,TP,"[('Cereal', 4), ('Pancake', 10)]",326.5,-37.804566,144.9774159,0,9.703,14.1942685
ORDB00016,2018-06-12,13:24:30,Lunch,TP,"[('Chicken', 7), ('Burger', 9), ('Fries', 7), ('Steak', 7), ('Salad', 4)]",925.0,-37.8224086,144.9978607,0,10.249,13.4034635
ORDJ08561,09-10-2018,17:17:44,Dinner,TP,"[('Shrimp', 6), ('Pasta', 2), ('Salmon', 9), ('Fish&Chips', 8)]",1028.0,-37.8119211,144.9522565,0,9.088,13.3785927
ORDX00893,2018-01-24,08:40:33,Breakfast,BK,"[('Eggs', 10), ('Cereal', 3)]",283.0,-37.8089702,144.9811144,0,5.823,10.7663994
ORDJ06369,2018-12-12,19:29:34,Dinner,TP,"[('Pasta', 8), ('Salmon', 9)]",589.0,37.8143599,144.9658294,0,8.262,12.5535447
ORDY05633,2018-05-30,12:54:05,Lunch,TP,"[('Salad', 4), ('Chicken', 1), ('Fries', 1), ('Steak', 2), ('Burger', 9)]",481.8,-37.817473,144.9904157,0,9.744,13.4392657
ORDC08517,2018-03-17,10:21:58,Breakfast,bk,"[('Coffee', 8), ('Cereal', 3), ('Pancake', 9)]",341.25,-37.8080646,144.9717155,0,7.038,13.8735196
ORDB00437,2018-09-17,16:37:10,Dinner,TP,"[('Pasta', 8), ('Shrimp', 10), ('Fish&Chips', 3), ('Salmon', 5)]",1070.0,-37.8244795,144.9434911,0,9.175,13.5098772
ORDK00333,2018-01-17,08:30:25,Breakfast,BK,"[('Eggs', 5), ('Pancake', 10), ('Cereal', 6)]",478.5,-37.8124393,144.9734909,0,6.812,5.8082703
ORDX10779,2018-07-17,14:25:21,Lunch,BK,"[('Salad', 10), ('Chicken', 2), ('Burger', 1)]",267.0,-37.8192943,144.9458405,0,9.469,15.4097747
ORDB08338,2018-09-01,15:56:37,Lunch,TP,"[('Fries', 5), ('Salad', 2), ('Steak', 3)]",229.4,-37.8167745,144.9542874,0,8.517,13.6514746
ORDK11025,2018-01-23,08:40:33,Breakfast,BK,"[('Eggs', 8), ('Pancake', 1), ('Coffee', 5)]",237.75,-37.8190782,144.9542706,0,7.427,13.9629705
ORDJ03166,2018-05-09,12:13:31,Lunch,ns,"[('Steak', 7), ('Chicken', 3), ('Fries', 1), ('Burger', 10)]",733.0,-37.8166038,144.9869954,0,9.516,13.2627251
ORDK02287,2018-08-08,15:16:03,Lunch,BK,"[('Burger', 9), ('Fries', 1)]",291.0,-37.8129752,144.9856429,0,5.676,11.9641526
ORDC00038,2018-10-14,17:27:53,Lunch,NS,"[('Pasta', 6), ('Salmon', 4)]",329.0,-37.8234669,144.9675701,0,9.064,17.0275034
ORDA03907,2018-03-10,10:11:49,Breakfast,BK,"[('Cereal', 4), ('Coffee', 9)]",151.5,37.8232068,144.9763573,0,7.343,14.6242344
ORDZ07362,2018-04-13,11:22:49,Breakfast,NS,"[('Salmon', 3), ('Cereal', 1)]",93.75,-37.8195027,144.9634796,0,8.819,13.7366826
ORDC08650,2018-01-17,08:30:25,Breakfast,NS,"[('Pasta', 7), ('Pancake', 5), ('Cereal', 10)]",485.25,-37.8188077,144.9698484,1,8.438,6.5218894
ORDK10142,12-11-2018,18:28:43,Dinner,BK,"[('Fish&Chips', 9), ('Pasta', 7), ('Salmon', 6)]",753.5,-37.8176396,144.9592331,0,8.216,15.0151408
ORDC10239,2018-05-11,12:13:31,Lunch,NS,"[('Chicken', 6), ('Steak', 3), ('Fries', 7)]",411.0,-37.8155634,144.9930676,0,9.095,14.477674
ORDJ02626,12-03-2018,10:11:49,Breakfast,TP,"[('Cereal', 4), ('Eggs', 4), ('Coffee', 6), ('Pancake', 8)]",411.0,-37.8108423,144.9631913,0,8.437,10.7858534
ORDC03348,2018-08-04,15:05:54,Dinner,NS,"[('Steak', 7), ('Fries', 1)]",327.0,-37.8035987,144.9497622,0,8.347,15.640028
ORDB02600,2018-05-10,12:13:31,Lunch,TP,"[('Salad', 9), ('Steak', 4)]",334.8,-37.8151397,144.9477272,0,9.265,13.2223968
ORDX00754,2018-08-25,15:46:28,Lunch,BK,"[('Salad', 10), ('Fries', 8), ('Burger', 6), ('Chicken', 10), ('Steak', 8)]",1134.0,-37.8199627,144.9802045,0,7.14,15.6819637
ORDJ10532,2018-01-26,08:40:33,Breakfast,ns,"[('Cereal', 7), ('Pancake', 5), ('Coffee', 1), ('Eggs', 6)]",407.75,-37.8071908,144.9578618,0,9.152,12.673785
ORDA09919,2018-03-22,10:32:06,Breakfast,BK,"[('Pancake', 3), ('Steak', 5), ('Coffee', 10)]",252.75,-37.8187434,144.9625917,0,7.878,12.6477416
ORDJ08865,2018-25-08,15:46:28,Lunch,TP,"[('Salad', 4), ('Burger', 4), ('Chicken', 9), ('Steak', 5)]",705.8,-37.8053164,144.937245,0,10.718,15.4700348
ORDY07859,2018-05-24,12:43:56,Lunch,TP,"[('Burger', 9), ('Steak', 1), ('Fries', 10)]",444.0,-37.8234924,144.9808826,1,8.526,11.8548458
ORDX04215,2018-04-14,11:22:49,Breakfast,BK,"[('Cereal', 10), ('Coffee', 4), ('Pancake', 10)]",482.5,37.8179477,144.9934677,0,5.361,12.8093889
ORDX06409,2018-03-07,10:01:41,Breakfast,BK,"[('Eggs', 6), ('Coffee', 10), ('Pancake', 6), ('Cereal', 1)]",845.0,-37.7989322,144.944273,0,9.487,14.2282422
ORDX10173,2018-11-19,18:38:52,Lunch,BK,"[('Shrimp', 2), ('Pasta', 4)]",218.0,-37.8140401,145.0086487,0,3.625,9.4782227
ORDJ05196,2018-03-22,10:32:06,Breakfast,TP,"[('Cereal', 6), ('Coffee', 8)]",186.0,37.8145472,145.0137702,0,12.318,14.6837159
ORDK11039,2018-02-02,09:00:50,Breakfast,BK,"[('Cereal', 10), ('Eggs', 5), ('Coffee', 6)]",365.0,-37.8115917,145.0034761,0,3.898,8.5465708
ORDK03218,2018-12-26,19:49:51,Dinner,BK,"[('Pasta', 8), ('Salmon', 3), ('Shrimp', 9), ('Fish&Chips', 8)]",1109.0,-37.804787,144.9574515,0,8.036,14.9016186
ORDB09368,2018-07-17,14:25:21,Lunch,ns,"[('Burger', 2), ('Chicken', 9), ('Salad', 1)]",367.2,-37.8201771,144.9427589,0,9.446,12.8361346
ORDX04648,2018-06-16,13:24:30,Lunch,BK,"[('Salad', 5), ('Burger', 2), ('Chicken', 8), ('Steak', 3), ('Fries', 7)]",623.0,-37.8101264,144.9555114,0,8.271,16.567439
ORDJ05595,2018-02-25,09:41:24,Breakfast,TP,"[('Cereal', 6), ('Coffee', 8)]",186.0,-37.8148622,144.9607278,0,8.234,12.6981363
ORDA00101,2018-10-02,17:07:36,Dinner,BK,"[('Pasta', 3), ('Fish&Chips', 5), ('Shrimp', 6), ('Salmon', 9)]",950.5,-37.8135169,144.9855861,0,5.722,12.7007164
ORDC10739,2018-08-20,15:36:20,Lunch,NS,"[('Fries', 3), ('Steak', 6), ('Chicken', 5)]",366.5,-37.818553,144.9678922,0,8.429,13.6284469
ORDK02730,2018-06-10,13:14:21,Lunch,BK,"[('Steak', 6), ('Burger', 2), ('Salad', 3), ('Fries', 7)]",467.6,-37.8142068,144.9638208,0,7.689,16.0798653
ORDA11026,2018-06-14,13:24:30,Lunch,BK,"[('Steak', 9), ('Burger', 10), ('Chicken', 4), ('Salad', 3), ('Fries', 5)]",954.6,-37.8045443,144.9535055,1,8.416,14.2319866
ORDZ01257,2018-10-29,17:58:18,Dinner,NS,"[('Shrimp', 5), ('Fish&Chips', 7)]",515.0,-37.8209796,144.9659668,0,8.91,15.1078393
ORDY01147,2018-01-19,08:30:25,Breakfast,TP,"[('Eggs', 9), ('Coffee', 6), ('Pancake', 7)]",412.75,-37.8143802,144.9382043,1,10.327,6.8305547
ORDY06845,2018-10-05,17:07:36,Dinner,TP,"[('Pasta', 6), ('Fish&Chips', 9)]",480.0,-37.808888,144.9663962,0,7.596,12.8172609
ORDA09368,2018-03-07,10:01:41,Breakfast,BK,"[('Eggs', 6), ('Pancake', 9)]",350.25,-37.8076593,144.9708693,0,6.727,11.6120119
ORDZ01762,2018-06-13,13:24:30,Lunch,NS,"[('Fries', 6), ('Steak', 1), ('Burger', 9)]",396.0,-37.8085517,144.9553412,0,8.118,13.5275409
ORDK00676,2018-12-16,19:29:34,Dinner,BK,"[('Shrimp', 1), ('Pasta', 2), ('Fish&Chips', 7), ('Salmon', 5)]",559.0,-37.8003719,144.9752763,0,7.288,16.3937846
ORDA02207,2018-14-02,09:21:07,Breakfast,BK,"[('Eggs', 4), ('Cereal', 8), ('Pancake', 5)]",377.25,-37.8234934,144.9699862,0,7.99,13.1302708
ORDC03587,2018-04-24,11:43:05,Dinner,NS,"[('Coffee', 5), ('Pancake', 10), ('Eggs', 4)]",368.0,-37.807262,144.9590828,0,7.707,12.9733085
ORDA08160,2018-01-13,08:20:16,Breakfast,BK,"[('Coffee', 4), ('Pancake', 8), ('Eggs', 1)]",1070.0,-37.7889148,144.9378629,1,11.857,9.8865605
ORDX02392,2018-01-24,08:40:33,Breakfast,BK,"[('Coffee', 5), ('Cereal', 5), ('Pancake', 9), ('Eggs', 10)]",580.75,-37.7930988,144.9758122,0,8.03,12.7685943
ORDK03707,2018-06-27,13:54:55,Lunch,tp,"[('Fries', 5), ('Burger', 10)]",370.0,-37.8248747,144.9848906,0,6.854,13.1810676
ORDI10418,2018-10-03,17:07:36,Dinner,NS,"[('Shrimp', 3), ('Pasta', 10), ('Fish&Chips', 6)]",647.0,37.8022093,144.9632001,0,6.932,13.0080345
ORDY00671,2018-08-02,15:05:54,Lunch,TP,"[('Fries', 2), ('Salad', 4), ('Chicken', 2), ('Burger', 5)]",311.8,-37.8230461,144.9780827,0,8.268,12.1060998
ORDB03177,2018-06-29,13:54:55,Lunch,TP,"[('Salad', 2), ('Steak', 5), ('Burger', 6), ('Fries', 7), ('Chicken', 8)]",272.5,-37.8186361,144.9788663,0,8.861,12.1218478
ORDA01065,2018-02-21,09:41:24,Breakfast,BK,"[('Coffee', 8), ('Cereal', 1), ('Pancake', 8), ('Eggs', 1)]",297.0,-37.8148863,144.9494674,0,9.658,14.5758593
ORDA00496,2018-01-16,08:30:25,Lunch,BK,"[('Cereal', 7), ('Pancake', 8), ('Eggs', 7)]",495.0,-37.8051508,144.9280879,1,10.738,8.057814
ORDY08408,2018-10-29,17:58:18,Dinner,TP,"[('Fish&Chips', 2), ('Salmon', 9), ('Shrimp', 5), ('Pasta', 7)]",901.5,37.8214797,144.9931302,0,9.856,14.0638421
ORDJ06648,2018-07-01,13:54:55,Lunch,NS,"[('Chicken', 9), ('Steak', 1), ('Burger', 8), ('Salad', 1), ('Fries', 1)]",610.2,-37.8184595,144.9677262,0,7.631,13.1893317
ORDY07614,2018-01-25,08:40:33,Breakfast,TP,"[('Eggs', 7), ('Cereal', 3), ('Coffee', 4)]",247.0,-37.8071322,144.9598125,0,8.879,11.1668745
ORDI09625,2018-04-16,11:22:49,Breakfast,tp,"[('Cereal', 5), ('Eggs', 1)]",127.0,-37.8136191,144.9571952,0,8.284,13.0785019
ORDI05268,2018-07-27,14:45:38,Lunch,NS,"[('Fries', 1), ('Steak', 5), ('Burger', 7), ('Chicken', 4)]",582.0,-37.8107518,144.986085,0,8.359,14.0561613
ORDZ09712,2018-03-23,10:42:15,Breakfast,NS,"[('Cereal', 9), ('Eggs', 4)]",277.0,-37.8203487,144.985119,0,9.174,14.5540091
ORDJ02593,2018-18-09,16:37:10,Dinner,TP,"[('Salmon', 10), ('Shrimp', 5)]",680.0,-37.8067213,144.9560456,0,9.284,13.0947319
ORDX00528,2018-03-17,10:21:58,Breakfast,BK,"[('Eggs', 3), ('Coffee', 3), ('Cereal', 1)]",109.5,-37.8205902,144.9838249,0,6.479,13.5712629
ORDJ10315,2018-03-12,10:11:49,Breakfast,TP,"[('Eggs', 2), ('Cereal', 10), ('Coffee', 5), ('Pancake', 4)]",388.5,37.815309,144.9459185,0,9.464,12.0918971
ORDZ07409,2018-09-21,16:47:19,Dinner,NS,"[('Pasta', 7), ('Fish&Chips', 10), ('Shrimp', 5), ('Salmon', 9)]",1181.5,-37.824333,144.9754746,0,9.234,15.3989599
ORDB09259,2018-04-21,11:32:57,Lunch,TP,"[('Coffee', 4), ('Pancake', 8)]",224.0,-37.8038433,144.9533741,0,9.64,13.0327645
ORDX04778,2018-12-11,19:29:34,Dinner,BK,"[('Pasta', 3), ('Salmon', 4), ('Shrimp', 3), ('Fish&Chips', 10)]",758.5,37.8203425,144.9495732,0,9.129,15.5142671
ORDZ08732,2018-08-07,15:16:03,Lunch,NS,"[('Steak', 9), ('Chicken', 4)]",533.0,-37.8107895,145.0143841,0,10.763,16.4093598
ORDK10270,2018-05-28,12:54:05,Lunch,BK,"[('Steak', 10), ('Salad', 10), ('Chicken', 10)]",942.0,-37.8089529,144.9463694,0,9.101,15.1056712
ORDB09675,2018-05-22,12:33:48,Lunch,TP,"[('Burger', 2), ('Cereal', 1), ('Steak', 6), ('Salad', 8)]",501.6,-37.8254721,144.9531489,0,8.33,11.6446455
ORDC05608,2018-07-01,13:54:55,Lunch,NS,"[('Cereal', 3), ('Chicken', 1)]",83.6,-37.8087969,144.9362431,0,10.053,17.9145975
ORDY02715,2018-09-17,16:37:10,Dinner,BK,"[('Salmon', 2), ('Pasta', 8)]",302.0,-37.8085917,144.9814096,0,9.659,13.889115
ORDA06432,2018-05-12,12:13:31,Lunch,BK,"[('Salad', 6), ('Fries', 7)]",187.2,-37.8032648,144.9650599,0,7.533,15.6999636
ORDB01940,2018-03-27,10:42:15,Breakfast,TP,"[('Eggs', 3), ('Cereal', 5), ('Coffee', 8)]",231.0,-37.8171722,144.9860587,1,9.434,12.2172429
ORDX03126,2018-05-03,12:03:22,Lunch,BK,"[('Steak', 8), ('Fries', 7), ('Salad', 10), ('Burger', 9), ('Chicken', 10)]",1215.0,-37.8162972,144.9637915,0,7.786,14.2486179
ORDJ02750,2018-03-22,10:32:06,Breakfast,TP,"[('Pancake', 5), ('Cereal', 3), ('Coffee', 5), ('Eggs', 10)]",441.75,-37.8178333,144.9621506,0,7.875,10.1072584
ORDI07106,2018-11-08,18:18:35,Dinner,NS,"[('Salmon', 8), ('Shrimp', 8), ('Fish&Chips', 10), ('Pasta', 9)]",1357.5,-37.8136771,145.0129547,0,10.811,16.7997872
ORDA05669,2018-07-22,14:35:29,Lunch,BK,"[('Salmon', 1), ('Burger', 7), ('Chicken', 7), ('Fries', 3)]",494.2,-37.8238646,144.9826675,0,6.831,15.1910437
ORDC04142,2018-08-17,15:36:20,Lunch,NS,"[('Fries', 7), ('Steak', 1)]",129.0,-37.8172114,144.9524568,0,9.037,14.4663926
ORDJ02932,2018-04-04,11:02:32,Lunch,TP,"[('Coffee', 3), ('Cereal', 6), ('Eggs', 1)]",170.5,-37.8211126,144.9472811,0,8.996,11.1971665
ORDA03784,2018-02-18,09:31:16,Breakfast,BK,"[('Cereal', 2), ('Pancake', 8)]",927.0,-37.8199451,144.9686021,0,7.667,14.9762741
ORDJ02261,2018-12-14,19:29:34,Dinner,TP,"[('Eggs', 4), ('Pasta', 1)]",167.5,-37.8052483,144.9508189,0,9.654,13.5654128
ORDI08051,2018-01-15,08:20:16,Breakfast,NS,"[('Pancake', 6), ('Eggs', 10), ('Cereal', 9), ('Coffee', 4)]",584.5,-37.8071621,144.9559662,1,7.83,5.8690143
ORDB09078,2018-10-12,17:27:53,Breakfast,TP,"[('Salmon', 6), ('Pasta', 1), ('Fish&Chips', 3), ('Shrimp', 8)]",810.5,-37.8189152,144.9645629,0,7.846,12.3615597
ORDX09254,2018-08-24,15:46:28,Lunch,BK,"[('Salad', 2), ('Steak', 7), ('Chicken', 8), ('Eggs', 4)]",729.4,-37.8216888,144.9842319,0,6.483,12.4079796
ORDX06494,2018-02-22,09:41:24,Breakfast,BK,"[('Eggs', 2), ('Cereal', 10), ('Pancake', 10), ('Coffee', 6)]",541.5,-37.8245545,144.9723329,0,7.83,12.8232542
ORDC06741,2018-01-23,08:40:33,Dinner,NS,"[('Eggs', 1), ('Cereal', 1), ('Coffee', 10), ('Pancake', 6)]",263.5,-37.8205264,144.9806994,0,8.814,13.7113138
ORDA02582,2018-09-09,16:16:54,Dinner,BK,"[('Fish&Chips', 4), ('Pasta', 5), ('Shrimp', 6)]",601.5,37.8092255,144.9315914,0,10.496,20.098035
ORDI08956,2018-08-29,15:56:37,Lunch,NS,"[('Salad', 10), ('Burger', 1), ('Chicken', 1), ('Steak', 6), ('Fries', 9)]",613.0,37.818219,144.9774547,0,9.381,15.2226356
ORDI06488,2018-07-22,14:45:38,Lunch,NS,"[('Fries', 5), ('Chicken', 10), ('Steak', 10), ('Burger', 7)]",1047.0,-37.8261748,145.0083752,0,11.548,18.9790471
ORDY04489,2018-06-02,13:04:13,Lunch,TP,"[('Steak', 9), ('Salad', 10), ('Burger', 9), ('Fries', 8)]",952.0,-37.8171243,144.9681884,0,7.827,13.0038583
ORDZ08710,2018-02-03,09:00:50,Breakfast,NS,"[('Eggs', 7), ('Coffee', 3), ('Pancake', 2), ('Cereal', 9)]",414.0,-37.8091283,144.9559019,1,8.056,14.7829215
ORDZ07633,2018-07-09,14:15:12,Lunch,NS,"[('Chicken', 2), ('Steak', 9), ('Salad', 6), ('Fries', 7)]",656.2,-37.8247896,144.982697,0,9.414,14.5655238
ORDZ08050,2018-10-05,17:07:36,Dinner,NS,"[('Fish&Chips', 9), ('Pasta', 9)]",562.5,-37.813076,144.9709301,0,7.545,13.0545907
ORDB08205,2018-03-31,10:52:23,Breakfast,TP,"[('Pancake', 6), ('Eggs', 4)]",233.5,-37.807125,144.9582598,0,9.052,13.1553449
ORDI03051,2018-11-12,18:28:43,Dinner,NS,"[('Pasta', 9), ('Fish&Chips', 9), ('Shrimp', 7)]",940.5,37.8036213,144.9786599,0,7.086,12.8863468
ORDJ00350,2018-11-09,18:18:35,Dinner,TP,"[('Fries', 5), ('Fish&Chips', 5)]",445.0,-37.81101,144.9478528,0,9.484,13.7261262
ORDC05732,2018-12-16,19:39:43,Dinner,NS,"[('Fish&Chips', 10), ('Shrimp', 8), ('Salmon', 2)]",351.5,-37.8198162,144.9603063,0,8.977,16.9549094
ORDK00429,01-05-2018,11:53:14,Breakfast,BK,"[('Coffee', 3), ('Pancake', 3), ('Cereal', 10)]",305.25,-37.8141871,144.934041,0,10.753,15.8671468
ORDA10235,2018-02-23,09:41:24,Breakfast,BK,"[('Eggs', 4), ('Pancake', 10)]",330.5,-37.8065291,144.9325186,0,10.345,15.607358
ORDC06111,2018-02-26,09:51:32,Breakfast,ns,"[('Coffee', 9), ('Eggs', 5)]",177.5,-37.807228,144.9966617,0,8.901,13.9649022
ORDY06009,2018-03-30,10:52:23,Breakfast,TP,"[('Coffee', 6), ('Cereal', 10), ('Pancake', 3)]",327.75,-37.8103516,144.9613605,0,8.488,11.4339794
ORDA06143,2018-01-27,08:50:42,Breakfast,BK,"[('Coffee', 2), ('Cereal', 4), ('Eggs', 10)]",319.0,37.8226138,144.9583674,0,8.508,15.790008
ORDI08379,2018-07-15,14:25:21,Breakfast,NS,"[('Burger', 3), ('Fries', 8), ('Steak', 7), ('Salad', 4)]",572.8,-37.802031,144.9666456,0,6.567,13.8478878
ORDY01376,2018-12-01,19:09:17,Dinner,TP,"[('Fish&Chips', 4), ('Salmon', 8), ('Pasta', 1)]",495.5,-37.8003331,145.0055928,0,12.381,17.2465442
ORDA02821,2018-04-22,11:32:57,Breakfast,BK,"[('Cereal', 10), ('Coffee', 2), ('Eggs', 10), ('Pancake', 9)]",663.25,-37.8202606,144.9696655,0,7.75,15.2933432
ORDY08845,2018-07-26,14:45:38,Lunch,TP,"[('Salad', 4), ('Burger', 8), ('Fries', 3), ('Steak', 3), ('Chicken', 5)]",647.8,-37.8004209,144.9823861,0,10.53,13.5837448
ORDA00964,2018-13-03,10:21:58,Breakfast,BK,"[('Eggs', 10), ('Pancake', 10), ('Cereal', 4)]",546.5,-37.8239116,144.9817443,0,6.955,11.7098247
ORDZ01461,2018-02-14,09:21:07,Breakfast,NS,"[('Cereal', 2), ('Pancake', 2), ('Coffee', 3)]",113.0,37.8034953,144.9629891,0,7.12,12.0929072
ORDZ04288,2018-10-12,17:27:53,Breakfast,NS,"[('Pasta', 3), ('Fish&Chips', 8), ('Shrimp', 9), ('Salmon', 6)]",1094.5,-37.8088649,144.9451412,0,9.054,14.614781
ORDI08268,2018-05-19,12:33:48,Lunch,NS,"[('Salad', 1), ('Fries', 3), ('Chicken', 10), ('Steak', 3)]",508.2,-37.8025022,144.9571402,0,7.573,14.6316985
ORDC00604,2018-12-08,19:19:26,Dinner,NS,"[('Shrimp', 7), ('Salmon', 4), ('Fish&Chips', 5), ('Pasta', 4)]",827.0,-37.8173869,144.9581691,0,8.762,16.8781081
ORDC06904,2018-12-12,19:29:34,Dinner,NS,"[('Pasta', 7), ('Salmon', 6), ('Fish&Chips', 6), ('Shrimp', 3)]",729.4,-37.8231848,144.9880665,0,9.388,15.0997148
ORDC08855,2018-03-18,10:32:06,Breakfast,NS,"[('Pancake', 1), ('Fries', 4), ('Eggs', 5)]",164.25,-37.809318,144.9719386,0,7.181,14.4729316
ORDJ02484,2018-08-03,15:05:54,Lunch,TP,"[('Chicken', 8), ('Burger', 1), ('Salad', 1), ('Fries', 7)]",388.2,-37.8196559,144.9686385,0,7.304,10.8524814
ORDI03377,2018-03-01,09:51:32,Breakfast,ns,"[('Coffee', 6), ('Cereal', 8)]",213.0,-37.7992696,144.9873399,0,7.828,12.9142103
ORDB00556,2018-12-01,18:59:09,Dinner,TP,"[('Fish&Chips', 10), ('Shrimp', 4), ('Pasta', 1), ('Salmon', 2)]",675.5,-37.8095839,144.9724437,0,9.119,14.254555
ORDI00403,2018-11-11,18:28:43,Dinner,NS,"[('Pasta', 8), ('Shrimp', 2), ('Fish&Chips', 1)]",363.0,-37.8007968,144.9643368,0,6.724,15.1119654
ORDC07142,2018-08-05,15:05:54,Lunch,NS,"[('Burger', 3), ('Salad', 10), ('Chicken', 5), ('Fries', 7), ('Steak', 7)]",824.0,-37.8056135,144.9296361,0,10.419,18.4744888
ORDX07067,2018-05-05,12:03:22,Lunch,bk,"[('Steak', 8), ('Burger', 9), ('Fries', 6), ('Chicken', 3)]",807.0,-37.8225862,144.9402193,0,10.253,18.2717961
ORDA03862,2018-01-26,08:40:33,Breakfast,BK,"[('Eggs', 4), ('Cereal', 3), ('Pancake', 6)]",296.5,-37.7997479,144.9631858,1,8.113,13.2202799
ORDA01954,2018-12-15,19:29:34,Dinner,BK,"[('Shrimp', 4), ('Salmon', 5), ('Fish&Chips', 3)]",526.0,-37.8243866,144.9437285,0,9.882,19.6242218
ORDK05369,2018-08-15,15:26:11,Lunch,BK,"[('Shrimp', 3), ('Steak', 8), ('Chicken', 7), ('Salad', 3)]",671.6,-37.8084801,144.9758147,0,6.304,12.1072481
ORDY00154,2018-04-26,11:43:05,Breakfast,TP,"[('Pancake', 5), ('Cereal', 6)]",247.25,-37.8188045,144.9658251,1,7.474,10.2428354
ORDZ00096,2018-09-03,16:06:45,Dinner,NS,"[('Pasta', 6), ('Salmon', 5), ('Shrimp', 3), ('Fish&Chips', 9)]",847.0,-37.8148287,144.9356469,0,10.172,16.5487959
ORDB00224,2018-10-06,17:07:36,Lunch,TP,"[('Pasta', 4), ('Fish&Chips', 10), ('Shrimp', 3), ('Salmon', 8)]",950.0,-37.8260278,144.9845142,0,9.206,15.0280119
ORDK07884,2018-07-06,14:05:04,Lunch,BK,"[('Salad', 2), ('Chicken', 2), ('Fries', 5), ('Steak', 2)]",248.4,-37.7922131,144.9600395,0,9.251,15.4508279
ORDZ08451,01-09-2018,16:06:45,Dinner,NS,"[('Shrimp', 9), ('Fish&Chips', 1), ('Salmon', 8), ('Pasta', 6)]",1014.0,-37.8168593,144.9542301,0,8.883,16.4514556
ORDY04752,2018-07-13,14:25:21,Lunch,TP,"[('Chicken', 8), ('Burger', 8), ('Steak', 10)]",954.0,-37.7994265,144.9771971,1,10.224,13.6125095
ORDB06907,2018-15-01,08:20:16,Breakfast,TP,"[('Cereal', 5), ('Coffee', 3), ('Pancake', 6)]",273.0,-37.81575,144.9215559,1,12.173,6.9288639
ORDJ02411,2018-11-10,18:18:35,Dinner,TP,"[('Fish&Chips', 9), ('Shrimp', 1)]",369.0,-37.8206305,144.9832375,0,9.772,14.8866046
ORDI06792,2018-03-13,10:21:58,Breakfast,NS,"[('Pancake', 2), ('Coffee', 4)]",78.5,-37.8223778,144.9752217,0,9.164,14.095673
ORDK01916,2018-09-28,16:57:27,Dinner,BK,"[('Pasta', 5), ('Shrimp', 3)]",299.5,-37.8068307,144.947136,0,8.938,15.93075
ORDA01565,2018-02-14,09:21:07,Breakfast,BK,"[('Cereal', 10), ('Pancake', 5)]",331.25,-37.8109133,145.0098328,0,8.169,7.744719
ORDA03733,2018-09-17,16:37:10,Dinner,BK,"[('Shrimp', 2), ('Fish&Chips', 6), ('Pasta', 10), ('Salmon', 6)]",839.0,-37.8078796,144.9956024,0,4.786,11.4287201
ORDK09921,2018-04-26,11:43:05,Breakfast,BK,"[('Cereal', 3), ('Eggs', 9), ('Pancake', 2), ('Coffee', 4)]",339.5,-37.8185513,144.9657084,0,7.715,12.2267329
ORDC07771,2018-03-15,10:21:58,Breakfast,NS,"[('Pancake', 10), ('Fries', 10), ('Eggs', 10)]",537.5,-37.8153045,144.985822,0,8.766,13.9788631
ORDZ08810,2018-08-02,15:05:54,Lunch,NS,"[('Fries', 2), ('Burger', 10), ('Steak', 8)]",1081.0,-37.8129341,144.9483348,0,10.594,16.0471743
ORDI00300,2018-05-20,12:33:48,Lunch,NS,"[('Salad', 9), ('Burger', 2), ('Fries', 5), ('Steak', 2), ('Chicken', 8)]",622.8,-37.801975,144.9571579,0,7.497,14.7795999
ORDZ10003,2018-11-27,18:59:09,Dinner,NS,"[('Pasta', 4), ('Shrimp', 2)]",218.0,-37.8167231,144.9769207,0,8.352,14.4579227
ORDC08348,2018-03-30,10:52:23,Breakfast,NS,"[('Coffee', 4), ('Cereal', 5), ('Eggs', 2), ('Pancake', 7)]",370.0,-37.8102612,144.9614146,0,7.635,13.0427064
ORDA01655,2018-06-24,13:44:47,Lunch,BK,"[('Chicken', 4), ('Steak', 7)]",443.0,-37.8107635,144.9455767,0,9.207,17.8122245
ORDC06500,2018-07-17,14:25:21,Lunch,NS,"[('Fries', 10), ('Burger', 5)]",275.0,-37.8188687,144.9442427,0,11.021,14.9600684
ORDY01701,2018-01-13,08:20:16,Breakfast,TP,"[('Coffee', 1), ('Shrimp', 9)]",225.75,-37.8180602,144.9668725,1,7.637,6.0376043
ORDJ05177,2018-05-04,12:03:22,Lunch,TP,"[('Chicken', 1), ('Burger', 8), ('Salad', 3)]",331.6,-37.7999149,144.9363265,0,13.759,16.3387824
ORDX10842,2018-03-11,10:11:49,Breakfast,BK,"[('Cereal', 8), ('Eggs', 6)]",300.0,-37.8104323,144.9671071,0,7.215,14.2135185
ORDJ05644,2018-05-08,12:13:31,Lunch,TP,"[('Fries', 6), ('Chicken', 1), ('Steak', 6), ('Burger', 3)]",389.5,-37.8038835,144.95744,0,9.329,13.1591002
ORDI06966,2018-10-08,17:17:44,Lunch,NS,"[('Pasta', 4), ('Shrimp', 8), ('Salmon', 7), ('Fish&Chips', 10)]",1179.0,-37.8156051,144.9581835,0,8.516,14.1466574
ORDA09399,2018-10-22,17:48:10,Dinner,BK,"[('Fish&Chips', 7), ('Pasta', 10)]",520.0,-37.8212793,144.9463412,0,9.439,16.2135297
ORDZ04436,2018-03-18,10:32:06,Breakfast,NS,"[('Eggs', 6), ('Pancake', 3), ('Coffee', 10), ('Cereal', 7)]",426.75,37.8134892,144.9738639,0,7.684,14.6200831
ORDJ00642,2018-03-24,10:42:15,Breakfast,TP,"[('Coffee', 7), ('Pancake', 2), ('Cereal', 8)]",269.0,-37.8188952,144.981781,0,8.877,12.7382719
ORDJ04168,2018-01-09,08:10:08,Breakfast,TP,"[('Eggs', 8), ('Pancake', 8)]",370.0,-37.8046399,144.9716395,1,9.8,6.0859486
ORDA04190,2018-11-24,18:49:00,Dinner,BK,"[('Shrimp', 2), ('Salmon', 4)]",272.0,-37.8136045,144.9405053,1,9.65,19.3468475
ORDB08488,2018-04-12,11:22:49,Breakfast,TP,"[('Pancake', 4), ('Eggs', 5), ('Salmon', 8)]",375.0,-37.8134396,144.9620098,0,8.197,10.5309491
ORDX07831,2018-08-26,15:46:28,Lunch,BK,"[('Burger', 9), ('Steak', 5)]",504.0,-37.8118662,144.9664971,0,7.389,16.0585603
ORDY06132,2018-09-19,16:37:10,Dinner,bk,"[('Fish&Chips', 4), ('Pasta', 10), ('Salmon', 2)]",497.0,-37.8071215,144.957849,0,9.171,13.5184346
ORDC08914,2018-04-19,11:32:57,Breakfast,NS,"[('Eggs', 5), ('Cereal', 2)]",105.0,-37.8159739,144.9724644,0,7.883,12.6704055
ORDC09831,2018-01-05,08:00:00,Breakfast,NS,"[('Eggs', 1), ('Coffee', 5), ('Cereal', 3)]",122.5,-37.8123899,144.9369329,0,10.134,7.7126237
ORDX08310,2018-19-04,11:32:57,Breakfast,BK,"[('Pancake', 10), ('Cereal', 4), ('Coffee', 1)]",334.0,-37.8131411,144.9738925,0,6.832,11.2294941
ORDX06294,2018-02-20,09:31:16,Breakfast,BK,"[('Coffee', 5), ('Eggs', 1)]",59.5,-37.8074681,144.9428696,0,9.431,14.5956559
ORDI06200,2018-06-07,13:14:21,Lunch,NS,"[('Salad', 1), ('Burger', 1), ('Steak', 3)]",183.2,-37.8154764,144.9462068,1,9.18,14.5555819
ORDY06247,2018-09-16,16:37:10,Dinner,TP,"[('Fish&Chips', 10), ('Salmon', 2), ('Shrimp', 4), ('Pasta', 1)]",443.0,-37.8040113,144.9821943,0,10.16,15.6894658
ORDB02862,2018-10-12,17:27:53,Dinner,TP,"[('Salmon', 2), ('Fish&Chips', 4), ('Shrimp', 8), ('Pasta', 8)]",874.0,144.984788,-37.8239706,0,8.855,13.4698657
ORDJ04208,2018-23-08,15:46:28,Lunch,TP,"[('Burger', 3), ('Fries', 4), ('Salad', 7)]",261.4,-37.8179057,144.9706398,0,7.996,11.7499979
ORDI06826,2018-06-02,13:04:13,Lunch,tp,"[('Fries', 8), ('Salad', 1), ('Steak', 3), ('Chicken', 3), ('Burger', 8)]",592.2,-37.818061,144.9648126,0,8.5,16.4201878
